Submission id,Participant id,Status,Started at,Completed at,Reviewed at,Archived at,Time taken,Completion code,Total approvals,Fluent languages,Age,Sex,Ethnicity simplified,Country of birth,Country of residence,Nationality,Language,Student status,Employment status
64446e50359c1f1167ad236f,5f7a0bc4853bd46503a27113,APPROVED,2023-04-22T23:31:33.061000Z,2023-04-22T23:36:32.899000Z,2023-04-22T23:36:33.275000,2023-04-22T23:36:33.222192Z,300,CTR530VA,1149,English,26,Female,White,United States,United States,United States,English,No,DATA_EXPIRED
64446e5121556c4fc14873a5,609dba65bb72eb44f1aaf18c,APPROVED,2023-04-22T23:31:32.305000Z,2023-04-22T23:37:39.223000Z,2023-04-22T23:37:39.696000,2023-04-22T23:37:39.636272Z,367,CTR530VA,301,English,30,Female,White,United States,United States,United States,English,No,"Not in paid work (e.g. homemaker', 'retired or disabled)"
64446ec72e5908edb6faf3b9,604d5772ee67e298e25c198b,APPROVED,2023-04-22T23:33:29.465000Z,2023-04-22T23:36:40.285000Z,2023-04-22T23:36:41.136000,2023-04-22T23:36:41.086409Z,191,CTR530VA,1117,"English, French",39,Female,White,United States,United States,United States,English,No,DATA_EXPIRED
64446f0ed1d8b445e896e2c3,5e537682df966b3807ac08f9,APPROVED,2023-04-22T23:35:18.073000Z,2023-04-22T23:46:39.698000Z,2023-04-22T23:46:40.127000,2023-04-22T23:46:40.058153Z,682,CTR530VA,25,English,39,Male,White,United States,United States,United States,English,No,Unemployed (and job seeking)
6444704eacc05dce441943e7,5ff36928b82e4645fcbc7f10,APPROVED,2023-04-22T23:40:03.670000Z,2023-04-22T23:47:33.251000Z,2023-04-22T23:47:33.709000,2023-04-22T23:47:33.656555Z,450,CTR530VA,224,English,45,Female,White,United States,United States,United States,English,DATA_EXPIRED,DATA_EXPIRED
6444709040d6bede3cb34bcd,5dec17c87aeafe30634f55f7,APPROVED,2023-04-22T23:41:08.066000Z,2023-04-22T23:46:19.075000Z,2023-04-22T23:46:19.513000,2023-04-22T23:46:19.460819Z,312,CTR530VA,740,English,44,Male,Black,United States,United States,United States,English,DATA_EXPIRED,DATA_EXPIRED
64447115c99d0de1790e4641,60cc0b5921c706ea8fff78e8,APPROVED,2023-04-22T23:43:55.379000Z,2023-04-22T23:53:18.560000Z,2023-04-22T23:53:19.061000,2023-04-22T23:53:18.995313Z,564,CTR530VA,69,English,20,Male,White,United States,United States,United States,English,DATA_EXPIRED,DATA_EXPIRED
64447137c99d0de1790e4647,5c0c23a7217d60000112173a,APPROVED,2023-04-22T23:43:53.897000Z,2023-04-23T00:08:44.806000Z,2023-04-23T00:08:45.611000,2023-04-23T00:08:45.561862Z,1491,CTR530VA,1935,English,24,Female,White,United States,United States,United States,English,No,Full-Time
6444727d6784e8ff27d504e7,5ec5953a9fbe6c5bce4a743c,APPROVED,2023-04-22T23:49:20.410000Z,2023-04-22T23:53:49.417000Z,2023-04-22T23:53:49.807000,2023-04-22T23:53:49.754700Z,270,CTR530VA,767,English,26,Female,Black,United States,United States,United States,English,DATA_EXPIRED,DATA_EXPIRED
64447322aa641ca8d54873b9,5dc47ddd034b45342d3b2e3a,APPROVED,2023-04-22T23:52:06.207000Z,2023-04-22T23:58:01.192000Z,2023-04-22T23:58:01.612000,2023-04-22T23:58:01.553962Z,355,CTR530VA,3963,English,34,Male,DATA_EXPIRED,United States,United States,United States,English,DATA_EXPIRED,DATA_EXPIRED
64447386c9515ea5e6d952cc,60749006a2c37cf53763a864,APPROVED,2023-04-22T23:53:45.779000Z,2023-04-22T23:58:41.771000Z,2023-04-22T23:58:42.354000,2023-04-22T23:58:42.293492Z,296,CTR530VA,317,English,37,Male,Asian,United States,United States,United States,English,DATA_EXPIRED,DATA_EXPIRED
6444739226abc2efa8840b8c,5b0b4f41641b1200010ecb11,APPROVED,2023-04-22T23:54:10.889000Z,2023-04-23T00:05:10.801000Z,2023-04-23T00:05:24.349000,2023-04-23T00:05:22.004431Z,660,CTR530VA,968,English,33,Female,White,United States,United States,United States,English,DATA_EXPIRED,DATA_EXPIRED
644473c1cbe87db51b4bf69e,5df5eeb3ef7f5e41d160d60b,APPROVED,2023-04-22T23:54:45.046000Z,2023-04-23T00:00:25.978000Z,2023-04-23T00:00:43.128000Z,2023-04-23T00:02:31.596340Z,341,CTR530VA,167,English,34,Male,Asian,Canada,United States,United States,Vietnamese,Yes,DATA_EXPIRED
644473cc9b0430b8580ca451,5f39c5e729c84558731bcca3,APPROVED,2023-04-22T23:55:21.652000Z,2023-04-23T00:02:13.904000Z,2023-04-23T00:03:17.017000Z,2023-04-23T00:04:56.679576Z,413,CTR530VA,1667,English,32,Female,Asian,United States,United States,United States,English,No,DATA_EXPIRED
644473dd9f595ec55bc23af9,5de7283098e7956ab99b23e0,APPROVED,2023-04-22T23:55:14.812000Z,2023-04-22T23:59:38.520000Z,2023-04-22T23:59:39.085000,2023-04-22T23:59:39.010258Z,264,CTR530VA,1145,English,43,Female,Mixed,United States,United States,United States,Chinese,DATA_EXPIRED,DATA_EXPIRED
644474409264de7ea14bf672,607b155c459cf45e913f93a6,APPROVED,2023-04-22T23:56:55.658000Z,2023-04-23T00:04:34.844000Z,2023-04-23T00:05:04.235000Z,2023-04-23T00:05:07.437067Z,460,CTR530VA,437,English,33,Male,Black,United States,United States,United States,English,DATA_EXPIRED,DATA_EXPIRED
644474411ec26bc4454873e4,5f60d31390a8c1044e775b18,APPROVED,2023-04-22T23:56:57.137000Z,2023-04-23T00:06:15.782000Z,2023-04-23T00:06:16.605000,2023-04-23T00:06:16.508757Z,559,CTR530VA,422,English,58,Male,White,United States,United States,United States,English,No,Part-Time
6444747a04b382e2bd5f2f0b,60345f1a6f41922a712a186e,APPROVED,2023-04-22T23:57:57.194000Z,2023-04-23T00:06:04.075000Z,2023-04-23T00:06:05.777000,2023-04-23T00:06:04.494694Z,487,CTR530VA,458,English,32,Male,White,United States,United States,United States,English,No,Full-Time
644474817d52c4218f0aa2c6,5fee99daeae54318b087e9b5,APPROVED,2023-04-22T23:57:56.027000Z,2023-04-23T00:03:08.584000Z,2023-04-23T00:04:48.918000Z,2023-04-23T00:05:04.766104Z,313,CTR530VA,591,English,42,Female,White,United States,United States,United States,English,Yes,Full-Time
644474ac024cba4679d504e8,5b9c2c53d1ff7a00013b69dd,APPROVED,2023-04-22T23:58:41.351000Z,2023-04-23T00:05:22.031000Z,2023-04-23T00:05:27.564000,2023-04-23T00:05:24.295680Z,401,CTR530VA,637,English,40,Female,White,United States,United States,United States,English,No,Full-Time
644474bcd1708d07a19872b1,5ea47210b166de41ed7b1d92,APPROVED,2023-04-22T23:58:56.248000Z,2023-04-23T00:12:44.830000Z,2023-04-23T00:12:45.228000,2023-04-23T00:12:45.148107Z,829,CTR530VA,1114,English,35,Female,White,United States,United States,United States,English,DATA_EXPIRED,DATA_EXPIRED
64447509de85f6e26c368a4f,6150b0f1ea43af10285ea4b9,APPROVED,2023-04-23T00:00:13.027000Z,2023-04-23T00:09:28.362000Z,2023-04-23T00:09:28.766000,2023-04-23T00:09:28.707110Z,556,CTR530VA,1873,English,35,Male,White,Russian Federation,United States,United States,Russian,No,DATA_EXPIRED
64447543686a1c3c267dcba8,60fcccf19409519d6d7722f3,APPROVED,2023-04-23T00:01:10.960000Z,2023-04-23T00:14:07.809000Z,2023-04-23T00:14:08.425000,2023-04-23T00:14:08.350480Z,777,CTR530VA,1146,English,57,Female,White,United States,United States,United States,English,Yes,Part-Time
64447587d1708d07a19872d7,60fffa85baa8a39181c91bba,APPROVED,2023-04-23T00:02:23.208000Z,2023-04-23T00:08:38.001000Z,2023-04-23T00:08:38.495000,2023-04-23T00:08:38.420253Z,375,CTR530VA,193,English,24,Female,Black,United States,United States,United States,English,DATA_EXPIRED,DATA_EXPIRED
644475b63f274cf7e4813523,613929236e3092c6bad219ab,APPROVED,2023-04-23T00:03:10.229000Z,2023-04-23T00:13:41.217000Z,2023-04-23T00:13:41.760000,2023-04-23T00:13:41.695657Z,631,CTR530VA,389,"English, French, Italian, Spanish",34,Male,White,United States,United States,United States,English,No,Full-Time
644475dd8e635fa3938184b2,610f516a9175e24875033edc,APPROVED,2023-04-23T00:03:47.138000Z,2023-04-23T00:08:58.513000Z,2023-04-23T00:08:59.004000,2023-04-23T00:08:58.933177Z,312,CTR530VA,35,English,22,Female,White,United States,United States,United States,English,Yes,Part-Time
644475e4f67922e65dfec91e,5e464df53f7dd9117a4446a8,APPROVED,2023-04-23T00:04:04.368000Z,2023-04-23T00:11:37.413000Z,2023-04-23T00:11:38.280000,2023-04-23T00:11:38.218846Z,454,CTR530VA,365,English,35,Male,White,United States,United States,United States,English,No,Unemployed (and job seeking)
6444763973ec0e62ef1782c8,6150842d1d21ce2cf9f024e5,APPROVED,2023-04-23T00:05:19.089000Z,2023-04-23T00:11:41.804000Z,2023-04-23T00:11:43.460000,2023-04-23T00:11:43.410753Z,383,CTR530VA,415,English,37,Female,White,United States,United States,United States,English,No,"Not in paid work (e.g. homemaker', 'retired or disabled)"
64447643e70958162213be86,636e7db188a61f7669dd6120,APPROVED,2023-04-23T00:05:27.485000Z,2023-04-23T00:17:36.617000Z,2023-04-23T00:17:37.088000,2023-04-23T00:17:37.023998Z,730,CTR530VA,830,English,50,Female,White,United States,United States,United States,English,No,Other
6444766aa78e105baf0287c9,627e6e9ed608b5269d068e69,APPROVED,2023-04-23T00:06:06.472000Z,2023-04-23T00:11:25.245000Z,2023-04-23T00:11:25.616000,2023-04-23T00:11:25.555822Z,319,CTR530VA,373,English,30,Female,White,United States,United States,United States,English,DATA_EXPIRED,DATA_EXPIRED
644476c6b035d36a5ead81a9,6286e56db20530b65816d1d7,APPROVED,2023-04-23T00:07:52.771000Z,2023-04-23T00:14:56.687000Z,2023-04-23T00:14:57.211000,2023-04-23T00:14:57.146093Z,424,CTR530VA,765,English,65,Female,White,United States,United States,United States,English,No,DATA_EXPIRED
644476fe3d1d9d130fe593ba,588179398927560001475b3c,APPROVED,2023-04-23T00:08:32.657000Z,2023-04-23T00:14:58.138000Z,2023-04-23T00:14:58.632000,2023-04-23T00:14:58.573985Z,386,CTR530VA,367,"English, Vietnamese",26,Male,Asian,United States,United States,United States,English,DATA_EXPIRED,DATA_EXPIRED
6444772c4104bb855e13be72,6103d82ef69d9151fdd6c2cb,APPROVED,2023-04-23T00:09:38.104000Z,2023-04-23T00:18:44.257000Z,2023-04-23T00:18:44.737000,2023-04-23T00:18:44.650832Z,547,CTR530VA,364,English,48,Female,White,United States,United States,United States,English,DATA_EXPIRED,DATA_EXPIRED
64447788bb37c0c471840b7d,62bb090302d4f0b567668d06,APPROVED,2023-04-23T00:10:52.946000Z,2023-04-23T00:21:20.291000Z,2023-04-23T00:21:20.760000,2023-04-23T00:21:20.700602Z,628,CTR530VA,1057,English,44,Male,White,United States,United States,United States,English,No,Full-Time
644477b243268c495ead2361,60ffb88d42082e5010091dc0,APPROVED,2023-04-23T00:11:33.506000Z,2023-04-23T00:15:52.715000Z,2023-04-23T00:15:53.212000,2023-04-23T00:15:53.117277Z,260,CTR530VA,1132,English,28,Female,Black,United States,United States,United States,English,DATA_EXPIRED,DATA_EXPIRED
644477e4513dece6290ca41f,642b478d64591e56f343bbae,APPROVED,2023-04-23T00:12:27.340000Z,2023-04-23T00:18:17.372000Z,2023-04-23T00:18:17.905000,2023-04-23T00:18:17.845588Z,351,CTR530VA,11,English,57,Female,White,United States,United States,United States,English,No,DATA_EXPIRED
644477e904be7903efb7186a,5ee7ef91dfec0f0e13b35bd7,APPROVED,2023-04-23T00:12:30.002000Z,2023-04-23T00:18:53.014000Z,2023-04-23T00:18:53.443000,2023-04-23T00:18:53.381857Z,384,CTR530VA,1290,English,33,Female,White,United States,United States,United States,English,No,Part-Time
6444782ee5e79116d6b34c16,5dcfcf3b070fdc0d5fd1952c,APPROVED,2023-04-23T00:13:42.987000Z,2023-04-23T00:20:00.957000Z,2023-04-23T00:20:01.455000,2023-04-23T00:20:01.398719Z,378,CTR530VA,420,English,61,Female,White,United States,United States,United States,English,No,"Not in paid work (e.g. homemaker', 'retired or disabled)"
64447836b1669baa9e178314,60cf7074e1ea52a0f3450346,APPROVED,2023-04-23T00:13:46.044000Z,2023-04-23T00:17:52.063000Z,2023-04-23T00:17:52.508000,2023-04-23T00:17:52.439664Z,247,CTR530VA,724,English,30,Male,Asian,United States,United States,United States,English,Yes,Part-Time
64447849ccb2f656c4fec933,5c79608452e62f00169b1fe6,APPROVED,2023-04-23T00:14:26.875000Z,2023-04-23T00:20:30.348000Z,2023-04-23T00:20:30.815000,2023-04-23T00:20:30.740918Z,364,CTR530VA,2705,English,50,Male,White,United States,United States,United States,English,DATA_EXPIRED,Full-Time
6444785b23cf11e5ea59f098,6158bd2745993bf25a54a521,APPROVED,2023-04-23T00:14:22.633000Z,2023-04-23T00:20:32.515000Z,2023-04-23T00:20:33.163000,2023-04-23T00:20:33.103368Z,370,CTR530VA,1423,English,68,Male,White,United States,United States,United States,English,DATA_EXPIRED,DATA_EXPIRED
6444786127897ad60d9872cf,5d89a31c43734d0001b6a706,APPROVED,2023-04-23T00:14:30.477000Z,2023-04-23T00:31:34.515000Z,2023-04-23T00:31:44.326000Z,2023-04-23T00:31:44.438477Z,1025,CTR530VA,3210,English,38,Female,White,United States,United States,United States,English,DATA_EXPIRED,DATA_EXPIRED
644478870039a7988aba262e,63eeaf9f8433c653dedbd574,APPROVED,2023-04-23T00:15:07.271000Z,2023-04-23T00:20:06.584000Z,2023-04-23T00:20:07.047000,2023-04-23T00:20:06.988991Z,300,CTR530VA,241,English,19,Male,Mixed,United States,United States,United States,English,Yes,Unemployed (and job seeking)
644478aaeeca5d749b0e4652,5f5a0f0a612008057e58d281,APPROVED,2023-04-23T00:15:44.700000Z,2023-04-23T00:24:53.867000Z,2023-04-23T00:24:54.321000,2023-04-23T00:24:54.283544Z,550,CTR530VA,1578,English,66,Female,White,United States,United States,United States,English,No,"Not in paid work (e.g. homemaker', 'retired or disabled)"
644478ae4163e87801368a77,632a5161af0675032fa5e7a6,APPROVED,2023-04-23T00:15:45.670000Z,2023-04-23T00:17:17.819000Z,2023-04-23T00:17:18.225000,2023-04-23T00:17:18.169012Z,93,CTR530VA,125,"English, Vietnamese",25,Male,Asian,United States,United States,United States,Vietnamese,Yes,Other
644478bba9d9e0b912d9528b,5f920aa80a785011ef6906e3,APPROVED,2023-04-23T00:15:59.473000Z,2023-04-23T00:22:14.700000Z,2023-04-23T00:22:15.174000Z,2023-04-23T00:22:15.576599Z,376,CTR530VA,684,English,34,Male,White,United States,United States,United States,English,DATA_EXPIRED,DATA_EXPIRED
644478be4e74610cb7ad81c7,5cad4750f4115800176d506e,APPROVED,2023-04-23T00:16:02.834000Z,2023-04-23T00:23:39.364000Z,2023-04-23T00:23:39.818000,2023-04-23T00:23:39.755277Z,457,CTR530VA,818,English,43,Female,White,United States,United States,United States,English,No,Full-Time
644478c14150b9c99b681058,63b4a733232fda6d87ba6a02,APPROVED,2023-04-23T00:16:04.720000Z,2023-04-23T00:22:51.784000Z,2023-04-23T00:22:52.979000,2023-04-23T00:22:52.905543Z,408,CTR530VA,470,English,56,Female,Black,United States,United States,United States,English,No,Full-Time
644478d85829e979be546498,62a7c9c833260972a914d299,APPROVED,2023-04-23T00:16:37.711000Z,2023-04-23T00:29:43.393000Z,2023-04-23T00:29:43.926000,2023-04-23T00:29:43.841950Z,786,CTR530VA,505,English,25,Male,Black,United States,United States,United States,English,DATA_EXPIRED,DATA_EXPIRED
644478e8badf81bf945464f6,59a619a8dc50b30001f3063d,APPROVED,2023-04-23T00:16:45.048000Z,2023-04-23T00:21:56.457000Z,2023-04-23T00:21:57.009000,2023-04-23T00:21:56.949431Z,312,CTR530VA,1481,English,30,Female,White,United States,United States,United States,English,DATA_EXPIRED,DATA_EXPIRED
644479077c3acfd02317830a,6300ef41f4a85c5538383411,APPROVED,2023-04-23T00:17:15.438000Z,2023-04-23T00:22:52.926000Z,2023-04-23T00:22:53.439000,2023-04-23T00:22:53.370455Z,338,CTR530VA,652,English,45,Male,White,United States,United States,United States,English,No,Full-Time
64447933d4c32eb493771059,64345bf16b9a2e046128887f,APPROVED,2023-04-23T00:18:00.820000Z,2023-04-23T00:34:49.230000Z,2023-04-23T00:34:50.302000,2023-04-23T00:34:50.233544Z,1009,CTR530VA,24,"English, Spanish",70,Male,White,United States,United States,United States,English,No,Full-Time
6444794362f1e6fbdb125863,5fe0005cb0feb88dd338395b,APPROVED,2023-04-23T00:18:16.806000Z,2023-04-23T00:23:00.282000Z,2023-04-23T00:23:00.938000,2023-04-23T00:23:00.877212Z,284,CTR530VA,129,English,28,Male,White,United States,United States,United States,English,Yes,DATA_EXPIRED
64447954a0f5a1b771faf379,5e48cc0fe4317f3670ce90dd,APPROVED,2023-04-23T00:18:32.443000Z,2023-04-23T00:30:51.726000Z,2023-04-23T00:30:52.184000,2023-04-23T00:30:52.099840Z,740,CTR530VA,1932,English,75,Female,White,United States,United States,United States,English,No,"Not in paid work (e.g. homemaker', 'retired or disabled)"
644479879a080954d20aa2eb,5fa0adf677c87511c18c2475,APPROVED,2023-04-23T00:21:08.746000Z,2023-04-23T00:27:33.302000Z,2023-04-23T00:27:33.878000,2023-04-23T00:27:33.821163Z,385,CTR530VA,2301,English,38,Female,White,United States,United States,United States,English,No,Part-Time
644479952458798fb78184c5,5e2d295390840b3279624b90,APPROVED,2023-04-23T00:19:38.042000Z,2023-04-23T00:26:39.004000Z,2023-04-23T00:26:39.999000,2023-04-23T00:26:40.052440Z,421,CTR530VA,1143,English,71,Female,White,United States,United States,United States,English,No,"Not in paid work (e.g. homemaker', 'retired or disabled)"
64447998922422582bb34c1d,5d3129fc1802ea00160c0e43,APPROVED,2023-04-23T00:19:40.438000Z,2023-04-23T00:48:29.445000Z,2023-04-23T00:48:29.834000,2023-04-23T00:48:29.773077Z,1730,CTR530VA,304,"Spanish, English",27,Female,White,United States,United States,United States,English,Yes,DATA_EXPIRED
644479cdaa06880114840b9a,5e3dde6752592c000c7fd10b,APPROVED,2023-04-23T00:20:37.987000Z,2023-04-23T00:25:37.083000Z,2023-04-23T00:25:37.575000,2023-04-23T00:25:37.514418Z,300,CTR530VA,1808,English,37,Female,White,United States,United States,United States,English,DATA_EXPIRED,DATA_EXPIRED
644479e32cf8d3cc5b771008,5e246a245e04db6e93e22666,APPROVED,2023-04-23T00:21:03.534000Z,2023-04-23T00:28:12.769000Z,2023-04-23T00:28:13.207000,2023-04-23T00:28:13.154870Z,430,CTR530VA,2532,English,72,Female,White,United States,United States,United States,English,No,Unemployed (and job seeking)
644479eac54ac25a1e4873c6,56d62dc6ebdf10000667411e,APPROVED,2023-04-23T00:21:04.953000Z,2023-04-23T00:28:17.693000Z,2023-04-23T00:28:18.104000,2023-04-23T00:28:18.047726Z,433,CTR530VA,3903,English,35,Male,White,United States,United States,United States,English,No,Full-Time
64447a06f487c369307e49d8,58ef6ad040baf30001228d2c,APPROVED,2023-04-23T00:21:30.248000Z,2023-04-23T00:28:00.226000Z,2023-04-23T00:28:00.645000,2023-04-23T00:28:00.575434Z,390,CTR530VA,4187,English,44,Male,White,United States,United States,United States,English,DATA_EXPIRED,DATA_EXPIRED
64447a0cd132ed448db0b917,5e9f766e2535380e106a8c6b,APPROVED,2023-04-23T00:21:35.026000Z,2023-04-23T00:26:09.412000Z,2023-04-23T00:26:09.845000,2023-04-23T00:26:09.789474Z,275,CTR530VA,412,"English, Spanish, German",22,Male,White,United States,United States,United States,English,DATA_EXPIRED,DATA_EXPIRED
64447a22ef92b2e43913bed0,5e9f49a3db51940d0c1ee2db,APPROVED,2023-04-23T00:21:57.173000Z,2023-04-23T00:27:08.288000Z,2023-04-23T00:27:09.696000,2023-04-23T00:27:09.631463Z,312,CTR530VA,316,English,38,Male,White,United States,United States,United States,English,DATA_EXPIRED,DATA_EXPIRED
64447a49943bc355231943d8,6073ad2cd288215f64f51efa,APPROVED,2023-04-23T00:22:33.233000Z,2023-04-23T00:35:45.056000Z,2023-04-23T00:35:45.631000,2023-04-23T00:35:45.517276Z,792,CTR530VA,2402,English,32,Male,White,United States,United States,United States,English,DATA_EXPIRED,DATA_EXPIRED
64447a55fb65948760e593a3,5bc4ff222c08740001316ed2,APPROVED,2023-04-23T00:22:48.653000Z,2023-04-23T00:28:46.155000Z,2023-04-23T00:28:46.597000,2023-04-23T00:28:46.522617Z,358,CTR530VA,823,English,44,Female,White,United States,United States,United States,English,No,Full-Time
64447ac72cf8d3cc5b77102f,5fc6f4cff3df11159190cbef,APPROVED,2023-04-23T00:24:43.209000Z,2023-04-23T00:29:18.835000Z,2023-04-23T00:29:19.272000,2023-04-23T00:29:19.215948Z,276,CTR530VA,575,English,24,Prefer not to say,White,United States,United States,United States,English,No,Part-Time
64447af136202ba631dd6edc,6404f71718e29e74ff232330,APPROVED,2023-04-23T00:25:24.765000Z,2023-04-23T00:32:56.836000Z,2023-04-23T00:32:57.361000,2023-04-23T00:32:57.304891Z,453,CTR530VA,237,English,52,Female,White,United States,United States,United States,English,No,DATA_EXPIRED
64447af21d84fd60af5464a8,5c928a3abf2af20001363f48,APPROVED,2023-04-23T00:25:30.250000Z,2023-04-23T00:37:03.297000Z,2023-04-23T00:37:03.912000,2023-04-23T00:37:03.841796Z,694,CTR530VA,833,English,51,Female,White,United States,United States,United States,English,DATA_EXPIRED,DATA_EXPIRED
64447af6c2bc63ff1159f080,5dd0d2f02b033b190687eaee,APPROVED,2023-04-23T00:25:30.440000Z,2023-04-23T00:31:35.825000Z,2023-04-23T00:31:36.336000,2023-04-23T00:31:36.264713Z,366,CTR530VA,847,English,69,Male,White,United States,United States,United States,English,DATA_EXPIRED,DATA_EXPIRED
64447b23154aadbeb50aa2db,5dcef42a0f8d5104e531606e,APPROVED,2023-04-23T00:26:18.425000Z,2023-04-23T00:33:23.483000Z,2023-04-23T00:33:23.914000,2023-04-23T00:33:23.841856Z,426,CTR530VA,607,"French, English",54,Female,White,United States,United States,United States,English,DATA_EXPIRED,DATA_EXPIRED
64447b4490aef4e161341a2a,633c2576bb250e8f0da2be0a,APPROVED,2023-04-23T00:26:48.191000Z,2023-04-23T00:29:55.682000Z,2023-04-23T00:29:56.170000,2023-04-23T00:29:56.087060Z,188,CTR530VA,491,English,38,Male,White,United States,United States,United States,English,No,Full-Time
64447b52816e9e3a2717daaf,6015cc8c9807116ee723287d,APPROVED,2023-04-23T00:27:02.914000Z,2023-04-23T00:37:36.041000Z,2023-04-23T00:37:36.566000,2023-04-23T00:37:36.505203Z,634,CTR530VA,635,English,26,Female,White,United States,United States,United States,English,DATA_EXPIRED,DATA_EXPIRED
64447bb7154aadbeb50aa2f1,5dd9e1e0a4aa2696d9a15c0d,APPROVED,2023-04-23T00:30:28.187000Z,2023-04-23T00:38:00.890000Z,2023-04-23T00:38:01.305000,2023-04-23T00:38:01.244817Z,453,CTR530VA,3133,English,54,Male,White,United States,United States,United States,English,DATA_EXPIRED,DATA_EXPIRED
64447bc05929e0e3dac23ad6,5f47e6376aa63923f3804e3b,APPROVED,2023-04-23T00:28:52.408000Z,2023-04-23T00:34:24.107000Z,2023-04-23T00:34:25.020000,2023-04-23T00:34:24.957912Z,332,CTR530VA,2537,English,44,Male,White,United States,United States,United States,English,No,DATA_EXPIRED
64447bda47b5616d6bd504e3,6109e6596c52fa1f853b16c2,APPROVED,2023-04-23T00:29:17.417000Z,2023-04-23T00:34:35.384000Z,2023-04-23T00:34:35.941000Z,2023-04-23T00:34:37.014424Z,318,CTR530VA,3090,English,33,Female,White,United States,United States,United States,English,No,Full-Time
64447be480646a342b487399,610036375afd3ab1afe073e7,APPROVED,2023-04-23T00:29:28.204000Z,2023-04-23T00:49:49.505000Z,2023-04-23T00:49:49.925000,2023-04-23T00:49:49.845916Z,1222,CTR530VA,1713,"Chinese, English",60,Female,White,United States,United States,United States,English,No,Full-Time
64447be97614833d4ad504ec,5c9914f616743e0016280d64,APPROVED,2023-04-23T00:29:37.618000Z,2023-04-23T00:45:59.713000Z,2023-04-23T00:46:00.188000,2023-04-23T00:46:00.124222Z,983,CTR530VA,857,English,DATA_EXPIRED,Female,White,United States,United States,United States,English,No,Part-Time
64447bf4c34e55bf54b0b906,60f66877a0a732b6dbe3485d,APPROVED,2023-04-23T00:29:43.864000Z,2023-04-23T00:36:52.796000Z,2023-04-23T00:36:53.254000,2023-04-23T00:36:53.194540Z,429,CTR530VA,977,English,37,Male,White,United States,United States,United States,English,No,Full-Time
64447c17816e9e3a2717dadb,5687bbe7369319000c269af0,APPROVED,2023-04-23T00:30:20.006000Z,2023-04-23T00:38:01.442000Z,2023-04-23T00:38:02,2023-04-23T00:38:01.947360Z,462,CTR530VA,990,"English, German",72,Female,White,United States,United States,United States,English,No,Full-Time
64447c21592eab78a6840b69,63d98b8a0893311682d7a388,APPROVED,2023-04-23T00:30:43.778000Z,2023-04-23T00:35:50.148000Z,2023-04-23T00:35:50.662000,2023-04-23T00:35:50.590072Z,307,CTR530VA,169,English,30,Male,White,United States,United States,United States,English,No,Full-Time
64447c2ed1c0e366f24bf68d,5e772247e977a228b7f62f86,APPROVED,2023-04-23T00:30:43.048000Z,2023-04-23T00:41:07.532000Z,2023-04-23T00:41:07.983000,2023-04-23T00:41:07.914971Z,625,CTR530VA,750,English,31,Female,Mixed,United States,United States,United States,English,No,Unemployed (and job seeking)
64447c37592eab78a6840b70,5c3848fc19ceb400010c24a0,APPROVED,2023-04-23T00:30:50.789000Z,2023-04-23T00:35:20.574000Z,2023-04-23T00:35:24.385000Z,2023-04-23T00:35:31.024641Z,270,CTR530VA,2802,English,26,Male,White,United States,United States,United States,English,Yes,DATA_EXPIRED
64447c3b8c4e1bad25e593dd,63e916cb18140b350e3af7c7,APPROVED,2023-04-23T00:30:54.500000Z,2023-04-23T00:37:45.229000Z,2023-04-23T00:37:45.674000,2023-04-23T00:37:45.610765Z,411,CTR530VA,132,"English, Scots",57,Male,White,United States,United States,United States,English,No,Part-Time
64447c46c9d019431c681041,572b6ced3ab9df0008b9ad52,APPROVED,2023-04-23T00:31:06.517000Z,2023-04-23T00:34:59.913000Z,2023-04-23T00:35:04.597000,2023-04-23T00:35:04.617765Z,234,CTR530VA,1453,English,31,Female,White,United States,United States,United States,English,Yes,Full-Time
64447c52ba55ed301196e2d9,5e8519a0da382910980598ad,APPROVED,2023-04-23T00:31:18.306000Z,2023-04-23T00:35:07.676000Z,2023-04-23T00:35:12.242000,2023-04-23T00:35:10.025890Z,230,CTR530VA,1844,English,46,Male,White,United States,United States,United States,English,No,Full-Time
64447c796ac6d858d9771054,5eacb97b5eaaf53389bfb8a2,APPROVED,2023-04-23T00:31:58.487000Z,2023-04-23T00:38:46.748000Z,2023-04-23T00:38:47.199000,2023-04-23T00:38:47.138855Z,409,CTR530VA,17,English,40,Male,White,United States,United States,United States,English,No,DATA_EXPIRED
64447c7f72b3b749cbad81c7,5d1bf643f18c6c00187def44,APPROVED,2023-04-23T00:32:01.933000Z,2023-04-23T00:39:29.905000Z,2023-04-23T00:39:30.352000,2023-04-23T00:39:30.296427Z,448,CTR530VA,1477,English,37,Male,White,United States,United States,United States,English,No,DATA_EXPIRED
64447c9ee0219a6cb4770fee,5f303f0418d834478a4b3554,APPROVED,2023-04-23T00:32:41.885000Z,2023-04-23T00:39:13.216000Z,2023-04-23T00:39:13.659000,2023-04-23T00:39:13.591633Z,392,CTR530VA,498,English,22,Male,Asian,United States,United States,United States,English,Yes,Part-Time
64447c9ef0daa83fcfd952ca,63ee593570662c0c69b2f438,APPROVED,2023-04-23T00:32:33.447000Z,2023-04-23T00:42:25.268000Z,2023-04-23T00:42:25.766000,2023-04-23T00:42:25.712668Z,592,CTR530VA,262,English,32,Male,White,United States,United States,United States,English,No,Unemployed (and job seeking)
64447ca20534a46ef73808c3,6101caab1315f0a3159be863,APPROVED,2023-04-23T00:32:38.571000Z,2023-04-23T00:39:28.005000Z,2023-04-23T00:39:28.491000,2023-04-23T00:39:28.515803Z,410,CTR530VA,560,English,29,Female,White,United States,United States,United States,English,DATA_EXPIRED,DATA_EXPIRED
64447ca7626d45fd8968102a,63bbc8ba5520732c211a6ae8,AWAITING REVIEW,2023-04-23T00:32:44.983000Z,2023-04-23T00:38:01.607000Z,,2023-04-23T00:38:02.038975Z,317,NOCODE,667,English,49,Female,White,United States,United States,United States,English,No,Part-Time
64447cbafc8edbb8e30e467c,5f828002935db93a4d29d577,APPROVED,2023-04-23T00:33:04.337000Z,2023-04-23T00:46:06.853000Z,2023-04-23T00:46:07.319000,2023-04-23T00:46:07.262380Z,783,CTR530VA,3209,English,24,Male,Mixed,United States,United States,United States,English,No,DATA_EXPIRED
64447cc4f0daa83fcfd952d1,5ba5d8b960f3d50001697104,APPROVED,2023-04-23T00:33:32.507000Z,2023-04-23T00:47:56.908000Z,2023-04-23T00:47:57.325000,2023-04-23T00:47:57.263064Z,865,CTR530VA,2422,English,63,Female,White,United States,United States,United States,English,No,Full-Time
64447cccb0f30e79627dcb6e,57ae3e45bf84e0000169aadb,APPROVED,2023-04-23T00:33:18.599000Z,2023-04-23T00:59:34.838000Z,2023-04-23T00:59:35.316000,2023-04-23T00:59:35.258921Z,1577,CTR530VA,1221,English,31,Male,White,United States,United States,United States,English,No,DATA_EXPIRED
64447cd01f36322d54c23add,631391a8bd6c211d074ef5f6,APPROVED,2023-04-23T00:33:26.669000Z,2023-04-23T00:51:25.919000Z,2023-04-23T00:51:26.576000,2023-04-23T00:51:26.497698Z,1080,CTR530VA,908,English,41,Male,White,United States,United States,United States,English,DATA_EXPIRED,DATA_EXPIRED
64447cdd01171857c67dcb64,5e402dcd7b260d000a7b69fe,APPROVED,2023-04-23T00:33:36.347000Z,2023-04-23T00:37:33.920000Z,2023-04-23T00:37:35.296000,2023-04-23T00:37:34.314764Z,238,CTR530VA,3295,English,37,Female,White,United States,United States,United States,English,No,Full-Time
64447cf6b276d4152c17dacf,63e4659066d57da391a04e5f,APPROVED,2023-04-23T00:34:02.767000Z,2023-04-23T00:46:37.835000Z,2023-04-23T00:46:38.322000,2023-04-23T00:46:38.255880Z,756,CTR530VA,115,English,58,Female,White,United States,United States,United States,English,No,Full-Time
64447d1463e7fa3467d9529f,61001f1b2e14b11d45ac093b,APPROVED,2023-04-23T00:34:31.912000Z,2023-04-23T00:40:35.529000Z,2023-04-23T00:40:36.360000,2023-04-23T00:40:36.295020Z,364,CTR530VA,167,English,21,Female,White,United States,United States,United States,English,Yes,Part-Time
64447d1fb276d4152c17dad9,6099b0edd748d8741d05ca26,APPROVED,2023-04-23T00:34:43.089000Z,2023-04-23T00:38:32.542000Z,2023-04-23T00:38:32.999000,2023-04-23T00:38:32.945219Z,230,CTR530VA,526,English,30,Female,White,United States,United States,United States,English,DATA_EXPIRED,DATA_EXPIRED
64447d26c7021814bd96e2be,5ee653288976fc3af8448ae6,APPROVED,2023-04-23T00:34:50.520000Z,2023-04-23T00:45:18.473000Z,2023-04-23T00:45:18.908000,2023-04-23T00:45:18.854012Z,628,CTR530VA,972,English,57,Female,White,United States,United States,United States,English,DATA_EXPIRED,DATA_EXPIRED
64447d3198d292c5b059f084,5c0c90e7632102000147c3cc,APPROVED,2023-04-23T00:34:57.496000Z,2023-04-23T00:49:15.271000Z,2023-04-23T00:49:15.714000,2023-04-23T00:49:15.655813Z,858,CTR530VA,2806,"English, Spanish",34,Male,White,United States,United States,United States,English,DATA_EXPIRED,DATA_EXPIRED
64447d3dc7021814bd96e2c0,5acacf8c9534ba0001c777cf,APPROVED,2023-04-23T00:35:15.155000Z,2023-04-23T00:40:54.627000Z,2023-04-23T00:40:55.026000,2023-04-23T00:40:54.969170Z,340,CTR530VA,1514,English,39,Male,White,United States,United States,United States,English,Yes,DATA_EXPIRED
64447d41592eab78a6840ba2,627963ff086cb4a8ec377869,APPROVED,2023-04-23T00:35:17.021000Z,2023-04-23T00:47:47.995000Z,2023-04-23T00:47:48.465000,2023-04-23T00:47:48.409990Z,751,CTR530VA,1064,"English, Vietnamese",26,Male,Asian,United States,United States,United States,English,No,Full-Time
64447d4ab1f4e3a45fb0b90a,63d7bc9ee4f74ba266f5cc7a,APPROVED,2023-04-23T00:35:28.733000Z,2023-04-23T00:39:31.092000Z,2023-04-23T00:39:31.558000,2023-04-23T00:39:31.497309Z,243,CTR530VA,232,English,31,Female,White,United States,United States,United States,English,No,Part-Time
64447d6d98d292c5b059f093,5f87cb31bea4ed20a90d8168,APPROVED,2023-04-23T00:36:01.753000Z,2023-04-23T00:42:58.496000Z,2023-04-23T00:42:58.975000,2023-04-23T00:42:58.896121Z,417,CTR530VA,400,English,23,Male,White,United States,United States,United States,English,No,Unemployed (and job seeking)
64447d735a695ed29e194414,607cdda7bda374cb01e80153,APPROVED,2023-04-23T00:36:06.247000Z,2023-04-23T00:42:29.162000Z,2023-04-23T00:42:29.544000,2023-04-23T00:42:29.493995Z,383,CTR530VA,270,English,34,Female,Mixed,United States,United States,United States,English,No,Part-Time
64447d82665da97030125889,63618f4ca9bcb1b3dc192d14,APPROVED,2023-04-23T00:36:18.009000Z,2023-04-23T00:39:46.180000Z,2023-04-23T00:39:46.649000,2023-04-23T00:39:46.594561Z,209,CTR530VA,1017,English,20,Male,Asian,United States,United States,United States,English,Yes,Due to start a new job within the next month
64447d9538325ef621368a90,6392360efb6e254ffd31e722,APPROVED,2023-04-23T00:36:43.331000Z,2023-04-23T00:42:56.463000Z,2023-04-23T00:42:56.969000,2023-04-23T00:42:56.898593Z,374,CTR530VA,741,"English, Chinese, Japanese",48,Male,Asian,United States,United States,United States,English,No,DATA_EXPIRED
64447da19aa7c716d1770ff2,59ea4e1116ecc200016ff81e,APPROVED,2023-04-23T00:36:51.828000Z,2023-04-23T00:40:31.251000Z,2023-04-23T00:40:31.703000,2023-04-23T00:40:31.649363Z,220,CTR530VA,3733,"English, Hindi",35,Male,Asian,United States,United States,United States,English,DATA_EXPIRED,DATA_EXPIRED
64447dcbe981a22d75d504f2,5781c15381f331000139a89e,APPROVED,2023-04-23T00:37:54.981000Z,2023-04-23T00:48:42.706000Z,2023-04-23T00:48:43.158000,2023-04-23T00:48:43.075149Z,648,CTR530VA,3116,English,35,Female,White,Germany,United States,United States,English,No,Full-Time
64447dcde4ccf54d69fec926,61002399798bfe567e2c10b4,APPROVED,2023-04-23T00:37:36.068000Z,2023-04-23T00:44:04.160000Z,2023-04-23T00:44:04.627000,2023-04-23T00:44:04.565436Z,389,CTR530VA,672,"Chinese, English",22,Female,Asian,United States,United States,United States,Chinese,DATA_EXPIRED,DATA_EXPIRED
64447dce0534a46ef7380909,5f7d026c6fd2421d2dc1af04,APPROVED,2023-04-23T00:37:36.935000Z,2023-04-23T00:43:29.144000Z,2023-04-23T00:43:29.616000,2023-04-23T00:43:29.540810Z,353,CTR530VA,2284,English,36,Male,White,United States,United States,United States,English,DATA_EXPIRED,DATA_EXPIRED
64447df0ca05fdef5ee593aa,5c9db776f35c880018bc2fd1,APPROVED,2023-04-23T00:38:12.237000Z,2023-04-23T00:42:19.079000Z,2023-04-23T00:42:19.989000,2023-04-23T00:42:19.930379Z,247,CTR530VA,4724,English,DATA_EXPIRED,Male,White,United States,United States,United States,English,DATA_EXPIRED,DATA_EXPIRED
64447df9a12083bd4c96e2dc,5a8ae4f20f1bce0001224b6b,APPROVED,2023-04-23T00:38:22.555000Z,2023-04-23T00:51:23.459000Z,2023-04-23T00:51:23.963000,2023-04-23T00:51:23.903493Z,781,CTR530VA,823,"English, Serbian",53,Female,White,United States,United States,United States,English,No,Unemployed (and job seeking)
64447e02e4ccf54d69fec932,6401175ab3be447c3e9f2e09,APPROVED,2023-04-23T00:38:31.640000Z,2023-04-23T00:45:34.502000Z,2023-04-23T00:45:36.173000,2023-04-23T00:45:36.096791Z,423,CTR530VA,56,English,24,Female,White,United States,United States,United States,English,No,Unemployed (and job seeking)
64447e0ab0f3b0e3a6ba2645,5eadd3cf13f83a483b5b8c04,APPROVED,2023-04-23T00:38:37.514000Z,2023-04-23T00:43:31.805000Z,2023-04-23T00:43:32.252000,2023-04-23T00:43:32.196834Z,295,CTR530VA,778,English,24,Male,Asian,United States,United States,United States,English,DATA_EXPIRED,DATA_EXPIRED
64447e1480c6caf831e593cd,62e01fdb9adf283ff375724f,APPROVED,2023-04-23T00:38:46.719000Z,2023-04-23T00:42:55.359000Z,2023-04-23T00:42:55.797000,2023-04-23T00:42:55.736321Z,249,CTR530VA,1517,English,26,Male,Asian,United States,United States,United States,English,No,DATA_EXPIRED
64447e1630d89db5da840b6a,62e5a1374e9ae5284b4625b4,APPROVED,2023-04-23T00:38:49.283000Z,2023-04-23T00:53:47.899000Z,2023-04-23T00:53:48.316000,2023-04-23T00:53:48.244278Z,899,CTR530VA,391,"English, Spanish",22,Male,Other,United States,United States,United States,English,No,Part-Time
64447e23df6979989dad2383,638b9983a3bbe44e543fe28d,APPROVED,2023-04-23T00:39:03.418000Z,2023-04-23T00:43:55.056000Z,2023-04-23T00:43:55.566000,2023-04-23T00:43:55.499734Z,292,CTR530VA,754,English,64,Female,White,United States,United States,United States,English,No,Full-Time
64447e2c80c6caf831e593d6,5faefcc22be93b11829e84df,APPROVED,2023-04-23T00:39:08.746000Z,2023-04-23T00:44:22.528000Z,2023-04-23T00:44:23.060000,2023-04-23T00:44:23.003829Z,314,CTR530VA,1413,"Chinese, English",33,Male,Asian,China,United States,United States,Chinese,No,Full-Time
64447e57332f0eb314ad81b3,5bcfcc800ba8a40001265fe8,APPROVED,2023-04-23T00:39:55.746000Z,2023-04-23T00:45:55.889000Z,2023-04-23T00:45:56.298000,2023-04-23T00:45:56.245274Z,361,CTR530VA,100,English,41,Female,White,United States,United States,United States,English,No,Other
64447e66626ea8b2c2d952c6,5aeb069d5c1f0c000138c08e,APPROVED,2023-04-23T00:40:09.429000Z,2023-04-23T00:44:11.734000Z,2023-04-23T00:44:12.263000,2023-04-23T00:44:12.209585Z,243,CTR530VA,77,"English, Spanish",29,Female,DATA_EXPIRED,United States,United States,United States,English,No,DATA_EXPIRED
64447e83ca05fdef5ee593c4,5bec5b873ffbad0001e8b968,APPROVED,2023-04-23T00:40:41.273000Z,2023-04-23T00:54:31.235000Z,2023-04-23T00:54:31.632000,2023-04-23T00:54:31.578743Z,830,CTR530VA,3166,English,DATA_EXPIRED,Female,White,United States,United States,United States,English,No,"Not in paid work (e.g. homemaker', 'retired or disabled)"
64447e862447d6d2f00aa2f8,63f119621f48e71c94563af8,APPROVED,2023-04-23T00:40:44.986000Z,2023-04-23T00:46:55.149000Z,2023-04-23T00:46:55.623000,2023-04-23T00:46:55.566149Z,371,CTR530VA,190,English,56,Female,White,United States,United States,United States,English,No,DATA_EXPIRED
64447e86e4909ac2487e49c3,6387e6268bfa7920afec729d,APPROVED,2023-04-23T00:40:44.414000Z,2023-04-23T00:49:46.461000Z,2023-04-23T00:49:46.921000,2023-04-23T00:49:46.857721Z,543,CTR530VA,703,English,56,Male,White,United States,United States,United States,English,No,Full-Time
64447e89750a3ba568fec921,5b5c8d4e10aec90001ed4bee,APPROVED,2023-04-23T00:40:44.799000Z,2023-04-23T00:44:42.422000Z,2023-04-23T00:44:42.818000,2023-04-23T00:44:42.765743Z,238,CTR530VA,3650,English,24,Female,White,United States,United States,United States,English,No,Full-Time
64447e8a008d45ae0654649b,5e064785e297d502d4f2b15f,APPROVED,2023-04-23T00:40:46.511000Z,2023-04-23T00:48:29.498000Z,2023-04-23T00:48:34.946000,2023-04-23T00:48:31.020873Z,463,CTR530VA,2260,English,45,Female,White,United States,United States,United States,English,No,DATA_EXPIRED
64447e8c95d8a8f91bba263a,5d6285707d06c30019d19765,APPROVED,2023-04-23T00:40:48.427000Z,2023-04-23T00:44:58.817000Z,2023-04-23T00:44:59.233000,2023-04-23T00:44:59.175439Z,251,CTR530VA,1909,English,31,Female,White,United States,United States,United States,English,No,Part-Time
64447e90557b0f977b487394,61082842f8f259196a8c0b7d,APPROVED,2023-04-23T00:40:55.874000Z,2023-04-23T00:47:54.202000Z,2023-04-23T00:47:54.702000,2023-04-23T00:47:54.615197Z,419,CTR530VA,512,English,22,Female,White,United States,United States,United States,English,Yes,Other
64447e91d4ad37feea813563,5e44cd061aedc43572ba58b3,APPROVED,2023-04-23T00:40:52.931000Z,2023-04-23T00:44:58.214000Z,2023-04-23T00:44:58.678000,2023-04-23T00:44:58.627567Z,246,CTR530VA,213,English,21,Male,White,United States,United States,United States,English,Yes,Unemployed (and job seeking)
64447ea3b630702fe9d504db,5cce4682f2ba8e00017f3de2,APPROVED,2023-04-23T00:41:12.599000Z,2023-04-23T00:48:12.731000Z,2023-04-23T00:48:13.182000,2023-04-23T00:48:13.126257Z,421,CTR530VA,1404,English,42,Female,White,United States,United States,United States,English,No,Full-Time
64447eb830d89db5da840ba2,5f4c4b277200c9868db9d43f,APPROVED,2023-04-23T00:41:28.518000Z,2023-04-23T00:48:49.264000Z,2023-04-23T00:48:49.673000,2023-04-23T00:48:49.602502Z,441,CTR530VA,4308,English,30,Male,Mixed,United States,United States,United States,English,DATA_EXPIRED,DATA_EXPIRED
64447eb8924424431968102b,6369174d2ded623f59d94e9d,APPROVED,2023-04-23T00:41:34.665000Z,2023-04-23T00:47:45.027000Z,2023-04-23T00:47:45.556000,2023-04-23T00:47:45.483556Z,371,CTR530VA,677,English,DATA_EXPIRED,Female,White,United States,United States,United States,English,No,DATA_EXPIRED
64447ebdcff11c4662d504bb,5e1582d9805a30b7d0c8b9c7,APPROVED,2023-04-23T00:41:35.849000Z,2023-04-23T00:47:17.423000Z,2023-04-23T00:47:17.928000,2023-04-23T00:47:17.853543Z,342,CTR530VA,694,"English, German",24,Female,Mixed,United States,United States,United States,English,Yes,Part-Time
64447ec48c35a1dfeb681004,63d17b695a6cbbfcd1b19fdc,APPROVED,2023-04-23T00:41:42.770000Z,2023-04-23T00:45:05.744000Z,2023-04-23T00:45:08.832000,2023-04-23T00:45:06.129728Z,203,CTR530VA,274,English,25,Male,Other,United States,United States,United States,English,No,Due to start a new job within the next month
64447ee72b4f3edd249872ab,61004e962509f21ce295df3d,APPROVED,2023-04-23T00:42:18.437000Z,2023-04-23T00:52:00.377000Z,2023-04-23T00:52:00.815000,2023-04-23T00:52:00.762065Z,582,CTR530VA,1734,"English, Korean",25,Female,Asian,United States,United States,United States,Korean,No,Part-Time
64447eed1dd59c2dfc341a43,640251127760d333fdfa7bb8,APPROVED,2023-04-23T00:42:30.203000Z,2023-04-23T00:50:11.680000Z,2023-04-23T00:50:12.339000,2023-04-23T00:50:12.255099Z,462,CTR530VA,281,English,50,Male,White,United States,United States,United States,English,No,Full-Time
64447f042b4f3edd249872b0,63d4226c0fe4674cfaf0d049,APPROVED,2023-04-23T00:42:50.036000Z,2023-04-23T00:52:45.899000Z,2023-04-23T00:52:46.297000,2023-04-23T00:52:46.242123Z,596,CTR530VA,487,English,52,Female,White,United States,United States,United States,English,No,Full-Time
64447f0808fe46fd7d0e4655,63656c4e67c6245cc50dc5a7,APPROVED,2023-04-23T00:42:52.267000Z,2023-04-23T00:49:50.576000Z,2023-04-23T00:49:51.056000,2023-04-23T00:49:50.996663Z,419,CTR530VA,256,English,39,Female,Asian,Korea,United States,United States,English,No,Part-Time
64447f091dd59c2dfc341a49,6029fbe69d62524074a994ac,APPROVED,2023-04-23T00:42:52.848000Z,2023-04-23T00:52:08.455000Z,2023-04-23T00:52:08.893000,2023-04-23T00:52:08.828762Z,556,CTR530VA,2548,English,DATA_EXPIRED,Female,White,United States,United States,United States,English,DATA_EXPIRED,DATA_EXPIRED
64447f0cb730bd6ff21782cb,5c7ca7d9e8df4d00160c670b,APPROVED,2023-04-23T00:43:00.542000Z,2023-04-23T00:49:12.062000Z,2023-04-23T00:49:13.096000,2023-04-23T00:49:13.040722Z,372,CTR530VA,131,English,27,Male,White,United States,United States,United States,English,DATA_EXPIRED,DATA_EXPIRED
64447f19df84920ec3028830,5d51444f292b750001583e28,APPROVED,2023-04-23T00:43:08.283000Z,2023-04-23T01:03:46.270000Z,2023-04-23T01:03:46.718000,2023-04-23T01:03:46.652325Z,1238,CTR530VA,1321,English,26,Male,White,United States,United States,United States,English,DATA_EXPIRED,DATA_EXPIRED
64447f21608dd67d7d4873d3,599314b360937e0001899338,APPROVED,2023-04-23T00:43:30.778000Z,2023-04-23T00:46:47.186000Z,2023-04-23T00:46:47.966000,2023-04-23T00:46:47.894090Z,197,CTR530VA,5732,"English, Japanese",29,Male,White,United States,United States,United States,English,No,Full-Time
64447f2377eda624e0ad235b,54afe839fdf99b6f2c1214ce,APPROVED,2023-04-23T00:43:19.558000Z,2023-04-23T00:47:54.572000Z,2023-04-23T00:47:55.057000,2023-04-23T00:47:54.985151Z,276,CTR530VA,1850,English,45,Male,White,United States,United States,United States,English,DATA_EXPIRED,Full-Time
64447f29a358ff37b9b0b913,6121e36192d8fd0203910a30,APPROVED,2023-04-23T00:43:23.738000Z,2023-04-23T01:00:07.279000Z,2023-04-23T01:00:07.760000,2023-04-23T01:00:07.701645Z,1004,CTR530VA,1522,English,19,Female,White,United States,United States,United States,English,DATA_EXPIRED,DATA_EXPIRED
64447f3224d3013dce813522,61071ee0d98a6df6efb59716,APPROVED,2023-04-23T00:43:34.627000Z,2023-04-23T00:48:36.990000Z,2023-04-23T00:48:37.518000,2023-04-23T00:48:37.452158Z,303,CTR530VA,3026,English,45,Female,White,United States,United States,United States,English,No,"Not in paid work (e.g. homemaker', 'retired or disabled)"
64447f33d32ecba5a0ad81b7,60fcfde8842d3a8a5a139726,APPROVED,2023-04-23T00:43:36.122000Z,2023-04-23T00:46:40.178000Z,2023-04-23T00:46:40.591000,2023-04-23T00:46:40.546677Z,185,CTR530VA,1014,"Spanish, English",24,Female,Other,United States,United States,United States,Spanish,Yes,Full-Time
64447f77138217452b8184b6,6400f087f7c99ab99abdf3c8,APPROVED,2023-04-23T00:44:43.279000Z,2023-04-23T00:52:53.532000Z,2023-04-23T00:52:59.149000,2023-04-23T00:52:53.857999Z,491,CTR530VA,155,English,DATA_EXPIRED,Female,White,United States,United States,United States,English,No,Other
64447f8429eeeb7892c23ab7,60fdf7ccd0817db1d1efba8c,APPROVED,2023-04-23T00:44:54.611000Z,2023-04-23T00:50:25.919000Z,2023-04-23T00:50:26.366000,2023-04-23T00:50:26.310933Z,332,CTR530VA,2037,English,24,Female,White,United States,United States,United States,English,DATA_EXPIRED,DATA_EXPIRED
64447f871f3b2b254e840bb2,633c8164d78dbc9b3286decf,APPROVED,2023-04-23T00:45:00.614000Z,2023-04-23T00:49:52.388000Z,2023-04-23T00:49:52.908000,2023-04-23T00:49:52.852944Z,292,CTR530VA,748,English,43,Male,White,United States,United States,United States,English,DATA_EXPIRED,DATA_EXPIRED
64447f92c781d3532afaf3be,62b1f8a689ac3aa3054add1e,APPROVED,2023-04-23T00:45:08.678000Z,2023-04-23T00:54:05.443000Z,2023-04-23T00:54:05.940000,2023-04-23T00:54:05.862545Z,537,CTR530VA,71,"English, French",19,Female,Mixed,United States,United States,United States,English,DATA_EXPIRED,DATA_EXPIRED
64447f9c03c86e5cbe4bf676,5f4818e6d5ce1016c865ed24,APPROVED,2023-04-23T00:45:23.340000Z,2023-04-23T00:56:34.680000Z,2023-04-23T00:56:35.059000,2023-04-23T00:56:34.995986Z,672,CTR530VA,2201,English,65,Female,DATA_EXPIRED,United States,United States,United States,English,DATA_EXPIRED,DATA_EXPIRED
64447fa4557b0f977b4873bb,5df040fa82b88c0a7c698dd8,APPROVED,2023-04-23T00:45:30.792000Z,2023-04-23T00:52:56.264000Z,2023-04-23T00:53:01.769000,2023-04-23T00:52:56.683694Z,446,CTR530VA,1692,English,54,Male,White,United States,United States,United States,English,No,Full-Time
64447fbd2d7c234275b34bdc,61133aac17eca301e15a9933,APPROVED,2023-04-23T00:45:57.334000Z,2023-04-23T00:55:03.661000Z,2023-04-23T00:55:04.121000,2023-04-23T00:55:04.068442Z,547,CTR530VA,764,English,23,Female,Mixed,United States,United States,United States,English,No,Unemployed (and job seeking)
64447fc34985319a811782b6,5badcd276322c5000157c196,APPROVED,2023-04-23T00:46:00.393000Z,2023-04-23T00:51:22.782000Z,2023-04-23T00:51:23.180000,2023-04-23T00:51:23.126144Z,323,CTR530VA,2896,English,27,Female,White,United States,United States,United States,English,No,Full-Time
64447fc664102807e9818494,631a671f6dce7ca99b95bc65,APPROVED,2023-04-23T00:46:02.590000Z,2023-04-23T00:49:13.726000Z,2023-04-23T00:49:14.506000,2023-04-23T00:49:14.447909Z,192,CTR530VA,1087,English,21,Male,White,United States,United States,United States,English,Yes,Part-Time
64447fe02b4f3edd249872d4,632a9a164ae4b7deb9aa84db,APPROVED,2023-04-23T00:46:29.247000Z,2023-04-23T01:04:11.404000Z,2023-04-23T01:04:11.944000,2023-04-23T01:04:11.873468Z,1063,CTR530VA,645,English,26,Male,Black,United States,United States,United States,English,DATA_EXPIRED,DATA_EXPIRED
64447fe103c86e5cbe4bf686,644084516bb3bfc15dd6cc5a,APPROVED,2023-04-23T00:46:29.698000Z,2023-04-23T00:52:59.021000Z,2023-04-23T00:52:59.495000,2023-04-23T00:52:59.425521Z,390,CTR530VA,25,English,23,Male,Mixed,United States,United States,United States,English,Yes,DATA_EXPIRED
64447ffcc2990576937e498e,627ebc31883c7dd7c2220c7e,APPROVED,2023-04-23T00:46:56.893000Z,2023-04-23T00:51:02.489000Z,2023-04-23T00:51:03.095000,2023-04-23T00:51:03.039522Z,246,CTR530VA,1576,English,19,Female,White,United States,United States,United States,English,Yes,Part-Time
6444800cfeb14f9968b0b8e9,6312ada1ce715ee3916c3748,APPROVED,2023-04-23T00:47:12.909000Z,2023-04-23T00:58:25.945000Z,2023-04-23T00:58:26.426000,2023-04-23T00:58:26.363838Z,674,CTR530VA,372,English,29,Male,White,United States,United States,United States,English,No,Other
6444800d77eda624e0ad2388,5ba19bdfa896050001d51f18,APPROVED,2023-04-23T00:47:13.056000Z,2023-04-23T00:51:34.989000Z,2023-04-23T00:51:35.446000,2023-04-23T00:51:35.390862Z,262,CTR530VA,3531,English,41,Male,White,United States,United States,United States,English,No,Unemployed (and job seeking)
64448012483fe58ed596e292,559bd307fdf99b7d0e839549,APPROVED,2023-04-23T00:47:18.341000Z,2023-04-23T00:51:59.717000Z,2023-04-23T00:52:00.190000,2023-04-23T00:52:00.127660Z,282,CTR530VA,2954,English,41,Female,White,United States,United States,United States,English,No,DATA_EXPIRED
64448013a7ec514cfdfaf3a3,64063ab4e87bbb62274cd0e6,APPROVED,2023-04-23T00:47:23.362000Z,2023-04-23T00:57:54.819000Z,2023-04-23T00:57:55.266000,2023-04-23T00:57:55.202751Z,632,CTR530VA,73,"German, English",65,Male,White,United States,United States,United States,English,No,Part-Time
644480182b4f3edd249872db,64408b4921bee382014b3233,APPROVED,2023-04-23T00:47:27.857000Z,2023-04-23T00:56:38.630000Z,2023-04-23T00:56:39.034000,2023-04-23T00:56:38.971889Z,551,CTR530VA,3,English,63,Female,White,United States,United States,United States,English,No,Part-Time
6444801aa4e5fcc9bd125855,63cef68c73e5d88fe27c36c8,APPROVED,2023-04-23T00:47:34.748000Z,2023-04-23T01:00:50.283000Z,2023-04-23T01:00:50.766000,2023-04-23T01:00:50.705680Z,796,CTR530VA,142,English,48,Female,White,United States,United States,United States,English,No,"Not in paid work (e.g. homemaker', 'retired or disabled)"
644480205974356aa0ad818a,583b16903d6baa00011999aa,APPROVED,2023-04-23T00:47:31.252000Z,2023-04-23T00:52:10.050000Z,2023-04-23T00:52:10.479000,2023-04-23T00:52:10.409615Z,279,CTR530VA,982,English,33,Male,White,United States,United States,United States,English,DATA_EXPIRED,DATA_EXPIRED
6444805c664c639a800aa309,5c330cefca23620001b262b1,APPROVED,2023-04-23T00:48:37.858000Z,2023-04-23T01:09:54.350000Z,2023-04-23T01:09:54.726000,2023-04-23T01:09:54.673728Z,1277,CTR530VA,3740,English,58,Female,Black,United States,United States,United States,English,DATA_EXPIRED,DATA_EXPIRED
6444805d9a092d30920e4648,6015fe4f86fe247906d2fb4c,APPROVED,2023-04-23T00:48:32.739000Z,2023-04-23T00:53:02.615000Z,2023-04-23T00:53:03,2023-04-23T00:53:02.948561Z,270,CTR530VA,2052,English,47,Female,White,United States,United States,United States,English,DATA_EXPIRED,DATA_EXPIRED
64448062938c365005818492,5f4b01e7e534bc10f5b6388d,APPROVED,2023-04-23T00:48:38.083000Z,2023-04-23T00:54:55.981000Z,2023-04-23T00:54:56.482000,2023-04-23T00:54:56.411609Z,378,CTR530VA,950,English,25,Female,Mixed,United States,United States,United States,English,No,Unemployed (and job seeking)
644480643905e43b5fdd6ed5,5c03fc30c776820001bdadb3,APPROVED,2023-04-23T00:48:40.661000Z,2023-04-23T00:56:16.366000Z,2023-04-23T00:56:16.769000,2023-04-23T00:56:16.690739Z,456,CTR530VA,2247,English,37,Female,Asian,United States,United States,United States,DATA_EXPIRED,DATA_EXPIRED,DATA_EXPIRED
6444806848fc51dddf9872d1,62d3c8e9215d70649dbe1592,APPROVED,2023-04-23T00:48:43.165000Z,2023-04-23T00:57:21.411000Z,2023-04-23T00:57:21.899000,2023-04-23T00:57:21.830145Z,519,CTR530VA,249,English,23,Male,White,Greece,United States,United States,English,Yes,"Not in paid work (e.g. homemaker', 'retired or disabled)"
6444806b214e93975eab2c9f,633f6d8b53e5f194a6f73724,APPROVED,2023-04-23T00:48:48.036000Z,2023-04-23T00:53:01.689000Z,2023-04-23T00:53:02.302000,2023-04-23T00:53:02.242444Z,254,CTR530VA,560,English,42,Male,White,United States,United States,United States,English,DATA_EXPIRED,DATA_EXPIRED
6444807122241209a00287eb,5c6a92d8a26a8500014446f7,APPROVED,2023-04-23T00:48:54.158000Z,2023-04-23T01:06:08.341000Z,2023-04-23T01:06:08.776000,2023-04-23T01:06:08.710715Z,1035,CTR530VA,994,English,45,Female,Mixed,United States,United States,United States,English,No,Full-Time
64448079c7c6041895c23b1e,5e5410f5be932e06384a03ec,APPROVED,2023-04-23T00:48:59.820000Z,2023-04-23T00:53:33.778000Z,2023-04-23T00:53:34.181000,2023-04-23T00:53:34.108512Z,274,CTR530VA,1596,English,31,Male,Asian,United States,United States,United States,English,No,"Not in paid work (e.g. homemaker', 'retired or disabled)"
6444807bfaf356af4768101c,5dda6f4e82569a9cea908bb2,APPROVED,2023-04-23T00:49:03.294000Z,2023-04-23T00:55:04.339000Z,2023-04-23T00:55:04.787000,2023-04-23T00:55:04.733711Z,362,CTR530VA,2774,"Chinese, English",25,Male,Asian,United States,United States,United States,Chinese,No,DATA_EXPIRED
6444808ce3d6affdd3840b74,55eb4774748092000baa97ee,APPROVED,2023-04-23T00:49:20.978000Z,2023-04-23T00:55:20.291000Z,2023-04-23T00:55:20.755000,2023-04-23T00:55:20.701833Z,360,CTR530VA,2058,English,33,Female,White,United States,United States,United States,English,DATA_EXPIRED,DATA_EXPIRED
644480aabc4b33e6cb4bf65d,5e6abd7ad0380507b227ed31,APPROVED,2023-04-23T00:49:50.406000Z,2023-04-23T00:59:02.686000Z,2023-04-23T00:59:04.079000,2023-04-23T00:59:04.025905Z,553,CTR530VA,712,English,66,Female,White,United States,United States,United States,English,No,Unemployed (and job seeking)
644480b929eeeb7892c23af8,569b1e1aaf9ad7000d640f24,APPROVED,2023-04-23T00:50:09.814000Z,2023-04-23T00:55:47.642000Z,2023-04-23T00:55:48.092000,2023-04-23T00:55:48.022041Z,338,CTR530VA,1748,English,48,Male,White,United States,United States,United States,English,No,Full-Time
644480bdd0801f367c13bec6,5bb31c670cb04c00014e8149,APPROVED,2023-04-23T00:50:08.987000Z,2023-04-23T00:56:39.839000Z,2023-04-23T00:56:40.272000,2023-04-23T00:56:40.215182Z,391,CTR530VA,446,English,31,Male,White,United States,United States,United States,English,DATA_EXPIRED,DATA_EXPIRED
644480d222241209a00287fc,55a44167fdf99b12b371c88c,APPROVED,2023-04-23T00:50:43.970000Z,2023-04-23T00:54:53.806000Z,2023-04-23T00:54:54.321000,2023-04-23T00:54:54.266487Z,250,CTR530VA,1162,"German, English",26,Male,Black,United States,United States,United States,English,Yes,Other
644480dabe6ea678f2ad2358,5e542a0c4b7e8c42fafa7216,APPROVED,2023-04-23T00:50:54.120000Z,2023-04-23T00:56:54.824000Z,2023-04-23T00:56:55.296000,2023-04-23T00:56:55.231596Z,361,CTR530VA,2829,English,55,Male,Asian,United States,United States,United States,English,No,DATA_EXPIRED
644480fdb60329eb4bfec92a,5dfaa06b5005cc807174ba46,APPROVED,2023-04-23T00:51:13.195000Z,2023-04-23T00:56:10.551000Z,2023-04-23T00:56:11.043000,2023-04-23T00:56:10.988948Z,298,CTR530VA,1625,English,46,Female,White,United States,United States,United States,English,No,DATA_EXPIRED
6444810df5ad2e264e54649a,5c0a22affe40eb00016262b6,APPROVED,2023-04-23T00:51:25.761000Z,2023-04-23T01:13:57.267000Z,2023-04-23T01:13:57.708000,2023-04-23T01:13:57.651146Z,1352,CTR530VA,609,English,28,Female,Mixed,United States,United States,United States,English,DATA_EXPIRED,DATA_EXPIRED
64448115454312d3eb125872,5ec81f94ce3f412db210602c,APPROVED,2023-04-23T00:51:50.919000Z,2023-04-23T00:57:23.044000Z,2023-04-23T00:57:23.493000,2023-04-23T00:57:23.436734Z,333,CTR530VA,2817,English,34,Female,White,United States,United States,United States,English,No,Full-Time
64448118aece40d5eb59f0d9,5f481f0a4810bc2d025c56f4,APPROVED,2023-04-23T00:51:59.818000Z,2023-04-23T00:58:59.127000Z,2023-04-23T00:59:00.459000,2023-04-23T00:59:00.405653Z,420,CTR530VA,1039,English,46,Male,White,United States,United States,United States,English,No,Full-Time
6444811d2606245226dd6e9e,5dc7870428e0d566b626bcb9,APPROVED,2023-04-23T00:51:45.097000Z,2023-04-23T01:11:53.802000Z,2023-04-23T01:11:54.300000,2023-04-23T01:11:54.216401Z,1209,CTR530VA,1303,English,40,Female,White,United States,United States,United States,English,Yes,Part-Time
6444812321c84569f64873b4,5e6c0b0fede0271d08d1a3cd,APPROVED,2023-04-23T00:51:50.751000Z,2023-04-23T00:56:57.935000Z,2023-04-23T00:56:58.441000,2023-04-23T00:56:58.389499Z,308,CTR530VA,2047,English,19,Male,Asian,United States,United States,United States,English,Yes,DATA_EXPIRED
6444812e4c8c0390bf341a55,5c82d0ac51b0e00015cbd2fc,APPROVED,2023-04-23T00:52:00.507000Z,2023-04-23T00:56:05.693000Z,2023-04-23T00:56:06.246000,2023-04-23T00:56:06.170340Z,246,CTR530VA,1074,English,41,Female,White,United States,United States,United States,English,Yes,Part-Time
6444813da4e5fcc9bd1258a8,5f32b624402891027060806f,APPROVED,2023-04-23T00:52:15.525000Z,2023-04-23T01:00:24.676000Z,2023-04-23T01:00:25.162000,2023-04-23T01:00:25.097170Z,490,CTR530VA,601,English,27,Female,White,United States,United States,United States,English,No,Full-Time
6444814329629cb659dd6ec2,5b7e118e87d85f0001baac27,APPROVED,2023-04-23T00:52:27.753000Z,2023-04-23T01:00:31.279000Z,2023-04-23T01:00:31.763000,2023-04-23T01:00:31.708726Z,484,CTR530VA,1765,English,67,Female,White,United States,United States,United States,English,DATA_EXPIRED,DATA_EXPIRED
6444815c2606245226dd6eae,5f42ac74bac9f24a6091bd27,APPROVED,2023-04-23T00:52:47.856000Z,2023-04-23T00:58:07.507000Z,2023-04-23T00:58:07.951000,2023-04-23T00:58:07.899846Z,320,CTR530VA,872,English,29,Female,White,United States,United States,United States,English,No,Part-Time
6444817af98f2f83d6c23ae1,58380cb9f1faf8000129673a,APPROVED,2023-04-23T00:53:14.520000Z,2023-04-23T01:22:40.642000Z,2023-04-23T01:22:41.160000,2023-04-23T01:22:41.105492Z,1767,CTR530VA,542,English,28,Male,White,United States,United States,United States,English,No,Full-Time
6444817bc2990576937e49cd,5fa6ce1ded47dd36825f00d7,APPROVED,2023-04-23T00:57:00.539000Z,2023-04-23T01:08:53.131000Z,2023-04-23T01:08:53.588000,2023-04-23T01:08:53.523039Z,713,CTR530VA,2067,English,61,Female,White,United States,United States,United States,English,DATA_EXPIRED,DATA_EXPIRED
6444818b70244140b00aa2f5,588908498fd7f00001d735f8,APPROVED,2023-04-23T00:53:37.077000Z,2023-04-23T01:13:15.734000Z,2023-04-23T01:13:16.903000,2023-04-23T01:13:16.849861Z,1179,CTR530VA,3032,English,35,Male,White,United States,United States,United States,English,DATA_EXPIRED,DATA_EXPIRED
644481918960a56d3dab2c68,5c3a764874d1c6000138ea83,APPROVED,2023-04-23T00:53:42.007000Z,2023-04-23T01:01:32.412000Z,2023-04-23T01:01:32.873000,2023-04-23T01:01:32.809883Z,471,CTR530VA,1268,English,DATA_EXPIRED,Female,White,DATA_EXPIRED,United States,United States,English,DATA_EXPIRED,DATA_EXPIRED
644481a19500e845bd68103d,6245c8c532cdc22633ecbf3f,APPROVED,2023-04-23T00:53:55.901000Z,2023-04-23T00:58:55.973000Z,2023-04-23T00:58:56.444000,2023-04-23T00:58:56.381560Z,301,CTR530VA,1379,English,29,Male,White,United States,United States,United States,English,DATA_EXPIRED,DATA_EXPIRED
644481a5ee6fe9b568770ff3,5e3b0c1e96942c0564ce3018,APPROVED,2023-04-23T00:54:00.759000Z,2023-04-23T01:01:00.567000Z,2023-04-23T01:01:01.006000,2023-04-23T01:01:00.939160Z,420,CTR530VA,1376,English,47,Male,White,United States,United States,United States,English,DATA_EXPIRED,DATA_EXPIRED
644481ba372e72269eb7188f,5d9eb6d611b7c400172aa975,APPROVED,2023-04-23T00:54:27.254000Z,2023-04-23T01:21:00.864000Z,2023-04-23T01:21:01.276000,2023-04-23T01:21:01.219261Z,1594,CTR530VA,3053,English,44,Female,White,United States,United States,United States,English,DATA_EXPIRED,Part-Time
644481bebe6ea678f2ad2385,5e48122927eb23000af799c7,APPROVED,2023-04-23T00:54:25.899000Z,2023-04-23T00:59:59.277000Z,2023-04-23T00:59:59.715000,2023-04-23T00:59:59.657440Z,334,CTR530VA,3532,English,45,Female,White,United States,United States,United States,English,DATA_EXPIRED,DATA_EXPIRED
644481c42606245226dd6ec4,614e8713ba7000ac40031538,APPROVED,2023-04-23T00:54:30.930000Z,2023-04-23T01:02:29.378000Z,2023-04-23T01:02:29.834000,2023-04-23T01:02:29.781033Z,479,CTR530VA,2639,English,48,Female,White,United States,United States,United States,English,DATA_EXPIRED,DATA_EXPIRED
644481c9b93913d3a9b0b8e3,63ea5c7fa50c5876a6229d88,APPROVED,2023-04-23T00:54:37.834000Z,2023-04-23T01:01:30.657000Z,2023-04-23T01:01:31.084000,2023-04-23T01:01:31.007371Z,413,CTR530VA,100,English,20,Male,White,United States,United States,United States,English,Yes,DATA_EXPIRED
644481ec9a092d30920e4699,62d4c5676e4f202832300e40,APPROVED,2023-04-23T00:55:13.538000Z,2023-04-23T01:00:19.215000Z,2023-04-23T01:00:19.620000,2023-04-23T01:00:19.550131Z,306,CTR530VA,822,"English, Spanish",40,Male,White,United States,United States,United States,English,No,Full-Time
644481fa9678a5f73a13be85,6400dde6a2159a3e6636f677,APPROVED,2023-04-23T00:55:29.926000Z,2023-04-23T01:02:52.287000Z,2023-04-23T01:02:52.786000,2023-04-23T01:02:52.719014Z,443,CTR530VA,145,English,25,Male,Black,United States,United States,United States,English,No,Part-Time
644481fff5ad2e264e5464cf,5f4c80a4acc80f89fd507fdc,APPROVED,2023-04-23T00:55:32.500000Z,2023-04-23T01:04:31.579000Z,2023-04-23T01:04:32.018000,2023-04-23T01:04:31.942540Z,540,CTR530VA,132,English,40,Male,White,Japan,United States,United States,English,No,Unemployed (and job seeking)
6444820b1bd63e28b5d952b6,63e5235804bfdf780a0566b2,APPROVED,2023-04-23T00:55:43.587000Z,2023-04-23T01:01:58.193000Z,2023-04-23T01:01:58.739000,2023-04-23T01:01:58.679654Z,375,CTR530VA,195,English,40,Male,White,United States,United States,United States,English,No,Full-Time
6444820d7f10c06f101943dc,5f75f66541d27f011212af83,APPROVED,2023-04-23T00:55:44.613000Z,2023-04-23T01:00:25.591000Z,2023-04-23T01:00:26.006000,2023-04-23T01:00:25.953201Z,281,CTR530VA,430,English,28,Female,Mixed,United States,United States,United States,English,Yes,Full-Time
6444823b368c0e8a92681019,63e4af1e26e65faec791d8eb,APPROVED,2023-04-23T00:56:34.020000Z,2023-04-23T01:03:21.635000Z,2023-04-23T01:03:22.083000,2023-04-23T01:03:22.020301Z,408,CTR530VA,609,English,57,Male,White,United States,United States,United States,English,No,Full-Time
6444823d7f10c06f101943e7,55b90235fdf99b26070d7663,APPROVED,2023-04-23T00:56:32.556000Z,2023-04-23T01:00:08.096000Z,2023-04-23T01:00:08.807000,2023-04-23T01:00:08.738992Z,216,CTR530VA,1787,English,42,Female,White,United States,United States,United States,English,No,Full-Time
644482426c7fec0b5e0ca41d,62b09bc02efbcc7d0dd81f3b,APPROVED,2023-04-23T00:56:37.909000Z,2023-04-23T01:00:53.190000Z,2023-04-23T01:00:53.585000Z,2023-04-23T01:00:55.635366Z,256,CTR530VA,604,English,27,Male,White,United States,United States,United States,English,No,Unemployed (and job seeking)
644482490a12cff931ab2ca4,55d5e2c9db6a810006fa078b,APPROVED,2023-04-23T00:56:46.591000Z,2023-04-23T01:01:33.427000Z,2023-04-23T01:01:33.825000,2023-04-23T01:01:33.760727Z,287,CTR530VA,4532,English,39,Female,Asian,Philippines,United States,United States,Tagalog-Filipino,No,Full-Time
6444825e9678a5f73a13be93,5cbf5b488be75a0016b49758,APPROVED,2023-04-23T00:57:05.672000Z,2023-04-23T01:00:43.435000Z,2023-04-23T01:00:45.907000,2023-04-23T01:00:45.833831Z,218,CTR530VA,4553,English,45,Male,White,United States,United States,United States,English,DATA_EXPIRED,DATA_EXPIRED
644482650bde62e12e1782e6,63e554b7631c8ec3ce069e32,APPROVED,2023-04-23T00:57:09.621000Z,2023-04-23T01:02:58.986000Z,2023-04-23T01:02:59.452000,2023-04-23T01:02:59.393039Z,350,CTR530VA,455,English,46,Male,Asian,Lao People's Democratic Republic,United States,United States,Laotian,No,Unemployed (and job seeking)
64448265d1010a84110ca3f3,5eb342dff78ab11407daf144,APPROVED,2023-04-23T00:57:11.916000Z,2023-04-23T01:03:07.360000Z,2023-04-23T01:03:07.758000,2023-04-23T01:03:07.699651Z,356,CTR530VA,2329,English,23,Female,Asian,United States,United States,United States,English,No,Unemployed (and job seeking)
6444826862542b39f79872bf,60ee94db81cb621683412b8a,APPROVED,2023-04-23T00:57:16.212000Z,2023-04-23T01:21:31.277000Z,2023-04-23T01:21:31.751000,2023-04-23T01:21:31.683913Z,1456,CTR530VA,1072,English,27,Female,White,United States,United States,United States,English,DATA_EXPIRED,DATA_EXPIRED
6444826b187cec76d1d504da,5eaae4d434376206a8a74337,APPROVED,2023-04-23T00:57:22.479000Z,2023-04-23T01:04:17.570000Z,2023-04-23T01:04:18.023000,2023-04-23T01:04:17.947297Z,416,CTR530VA,1016,English,58,Male,White,United States,United States,United States,English,Yes,Part-Time
644482746f036675a07dcb69,6234f954ebf560c4741256ad,APPROVED,2023-04-23T00:57:28.679000Z,2023-04-23T01:04:12.598000Z,2023-04-23T01:04:13.094000,2023-04-23T01:04:13.036688Z,404,CTR530VA,1302,English,57,Female,White,United States,United States,United States,English,No,DATA_EXPIRED
64448274c3da4cabec840b75,63bbcc34e88bb71a8739e9e4,APPROVED,2023-04-23T01:06:43.697000Z,2023-04-23T01:14:42.017000Z,2023-04-23T01:14:42.469000,2023-04-23T01:14:42.412999Z,479,CTR530VA,534,English,22,Male,Mixed,United States,United States,United States,English,No,"Not in paid work (e.g. homemaker', 'retired or disabled)"
644482754505c34b8848738c,604445808afbd64cbbcd20a1,APPROVED,2023-04-23T00:57:29.639000Z,2023-04-23T01:20:19.557000Z,2023-04-23T01:20:19.955000,2023-04-23T01:20:19.881634Z,1370,CTR530VA,885,English,27,DATA_EXPIRED,Asian,China,United States,United States,Chinese,DATA_EXPIRED,DATA_EXPIRED
6444828c7f10c06f10194405,6150ea0af545fdfbb4b6e25f,APPROVED,2023-04-23T00:57:53.387000Z,2023-04-23T01:04:58.559000Z,2023-04-23T01:04:59.038000,2023-04-23T01:04:58.957722Z,426,CTR530VA,1643,"English, French",65,Female,White,United States,United States,United States,English,No,Unemployed (and job seeking)
6444828d225e61fc975f2ee5,57b60487e5b60d0001083aea,APPROVED,2023-04-23T00:57:56.135000Z,2023-04-23T01:05:38.486000Z,2023-04-23T01:05:38.914000,2023-04-23T01:05:38.849073Z,463,CTR530VA,3437,English,38,Male,White,United States,United States,United States,English,No,Unemployed (and job seeking)
64448294c6a76ce81db34bd0,5bf190bbfb616800014fd571,APPROVED,2023-04-23T00:58:07.692000Z,2023-04-23T01:12:18.845000Z,2023-04-23T01:12:19.216000,2023-04-23T01:12:19.160310Z,852,CTR530VA,836,English,53,Female,White,United States,United States,United States,English,DATA_EXPIRED,DATA_EXPIRED
644482b1d32d42850a17dae5,5f16fa8069dc2901cd1e0b05,APPROVED,2023-04-23T00:58:28.481000Z,2023-04-23T01:02:26.522000Z,2023-04-23T01:02:27.105000,2023-04-23T01:02:27.043554Z,239,CTR530VA,2681,English,50,Male,White,United States,United States,United States,English,No,DATA_EXPIRED
644482b4511d4440b1368a62,6125b040ffa3c0b9e67b92c9,APPROVED,2023-04-23T00:58:32.879000Z,2023-04-23T01:16:48.361000Z,2023-04-23T01:16:48.844000,2023-04-23T01:16:48.787492Z,1096,CTR530VA,1505,"English, Spanish",26,Prefer not to say,Mixed,United States,United States,United States,English,Yes,Part-Time
644482bc2606245226dd6efd,6323c66923b89b0a73b205c7,APPROVED,2023-04-23T00:59:43.456000Z,2023-04-23T01:04:14.546000Z,2023-04-23T01:04:15.493000Z,2023-04-23T01:04:15.581277Z,272,CTR530VA,237,English,35,Prefer not to say,White,United States,United States,United States,English,No,"Not in paid work (e.g. homemaker', 'retired or disabled)"
644482c543f5042811b34c0a,5e5d1bacac3134016c38c61f,APPROVED,2023-04-23T00:58:56.099000Z,2023-04-23T01:07:42.480000Z,2023-04-23T01:07:42.951000,2023-04-23T01:07:42.883257Z,527,CTR530VA,1139,English,53,Female,White,United States,United States,United States,English,DATA_EXPIRED,DATA_EXPIRED
644482c82606245226dd6eff,5e65b4f8d06ef13360de7288,APPROVED,2023-04-23T00:59:03.846000Z,2023-04-23T01:12:15.345000Z,2023-04-23T01:12:15.796000,2023-04-23T01:12:15.729835Z,792,CTR530VA,177,English,27,Male,White,United States,United States,United States,English,DATA_EXPIRED,DATA_EXPIRED
644482d7368c0e8a92681040,5d84d4306981dc001a6162c3,APPROVED,2023-04-23T00:59:18.444000Z,2023-04-23T01:06:25.870000Z,2023-04-23T01:06:26.346000,2023-04-23T01:06:26.256066Z,428,CTR530VA,1685,English,56,Male,White,United States,United States,United States,English,No,Full-Time
644482ddf19d88a7e512585e,63e5ffdf639ebdcf35aacb09,APPROVED,2023-04-23T00:59:19.364000Z,2023-04-23T01:08:46.334000Z,2023-04-23T01:08:46.816000,2023-04-23T01:08:46.756047Z,567,CTR530VA,188,English,33,Male,White,United States,United States,United States,English,No,Due to start a new job within the next month
644482e6ba8cf9ae44dd6eb9,62f557535db76f7f4ab860c7,APPROVED,2023-04-23T00:59:20.608000Z,2023-04-23T01:11:31.370000Z,2023-04-23T01:11:31.785000,2023-04-23T01:11:31.710056Z,731,CTR530VA,1195,"English, Spanish",33,Male,White,United States,United States,United States,English,DATA_EXPIRED,DATA_EXPIRED
64448307e39bc8c302b7186e,5ef035131f1b2a546b44c391,APPROVED,2023-04-23T00:59:56.673000Z,2023-04-23T01:08:05.280000Z,2023-04-23T01:08:05.827000,2023-04-23T01:08:05.772041Z,489,CTR530VA,3590,English,71,Male,Asian,United States,United States,United States,English,No,DATA_EXPIRED
64448307e6ba657bcf5464ba,62e12eafa1f5eeafaf30f23b,APPROVED,2023-04-23T00:59:56.918000Z,2023-04-23T01:04:26.263000Z,2023-04-23T01:04:26.837000,2023-04-23T01:04:26.763029Z,270,CTR530VA,808,English,27,Male,White,United States,United States,United States,English,DATA_EXPIRED,DATA_EXPIRED
6444831993d36996a9813526,611145d764f3f83ee48ae655,APPROVED,2023-04-23T01:00:12.246000Z,2023-04-23T01:08:11.206000Z,2023-04-23T01:08:11.651000,2023-04-23T01:08:11.592345Z,479,CTR530VA,1460,English,26,Female,White,United States,United States,United States,English,No,Part-Time
64448348c20424d57b368a4c,63b70545b179c880f765bc4c,APPROVED,2023-04-23T01:01:02.798000Z,2023-04-23T01:05:09.966000Z,2023-04-23T01:05:10.838000,2023-04-23T01:05:10.740837Z,248,CTR530VA,657,English,49,Female,White,United States,United States,United States,English,No,"Not in paid work (e.g. homemaker', 'retired or disabled)"
6444834e0a399c6eae813533,5aecad0e75deca000162634c,APPROVED,2023-04-23T01:01:12.404000Z,2023-04-23T01:09:06.788000Z,2023-04-23T01:09:07.197000,2023-04-23T01:09:07.144306Z,475,CTR530VA,2474,English,DATA_EXPIRED,Female,Black,United States,United States,United States,English,DATA_EXPIRED,DATA_EXPIRED
64448353e6ba657bcf5464ce,63deadc920f44ea6e63abbf1,APPROVED,2023-04-23T01:01:18.302000Z,2023-04-23T01:20:07.808000Z,2023-04-23T01:20:08.228000,2023-04-23T01:20:08.169932Z,1130,CTR530VA,152,English,76,Female,White,United States,United States,United States,English,No,DATA_EXPIRED
64448355d9336824c40e4653,5dcb5135735496bcb90f7c4c,APPROVED,2023-04-23T01:01:14.975000Z,2023-04-23T01:06:49.358000Z,2023-04-23T01:06:49.805000,2023-04-23T01:06:49.746366Z,335,CTR530VA,1232,English,51,Male,White,United States,United States,United States,English,No,DATA_EXPIRED
64448358fa2b298003ad2330,615a3aff99c738f7dd86fded,APPROVED,2023-04-23T01:01:39.760000Z,2023-04-23T01:08:58.234000Z,2023-04-23T01:08:58.719000,2023-04-23T01:08:58.642713Z,439,CTR530VA,682,English,41,Female,Mixed,United States,United States,United States,English,No,Part-Time
644483650a399c6eae813537,64136140e1cce438bf993257,APPROVED,2023-04-23T01:01:31.131000Z,2023-04-23T01:06:14.032000Z,2023-04-23T01:06:14.705000,2023-04-23T01:06:14.631907Z,283,CTR530VA,218,English,33,Male,White,United States,United States,United States,English,No,Full-Time
64448368fdb380be9fc23ae7,6139aed4f23d087290d96200,APPROVED,2023-04-23T01:01:59.160000Z,2023-04-23T01:16:54.703000Z,2023-04-23T01:16:55.200000,2023-04-23T01:16:55.143044Z,896,CTR530VA,1469,English,28,Female,Black,United States,United States,United States,English,No,Unemployed (and job seeking)
64448381dee2d49b67b7187b,5e5214e745774623bd28289f,APPROVED,2023-04-23T01:01:56.623000Z,2023-04-23T01:14:19.349000Z,2023-04-23T01:14:19.747000,2023-04-23T01:14:19.693339Z,743,CTR530VA,3283,English,25,Male,Mixed,Philippines,United States,United States,English,Yes,Full-Time
6444838d0a399c6eae813547,604682ba80d421045184668a,APPROVED,2023-04-23T01:02:08.610000Z,2023-04-23T01:09:07.647000Z,2023-04-23T01:09:08.056000,2023-04-23T01:09:07.999984Z,420,CTR530VA,1404,English,51,Female,White,United States,United States,United States,English,DATA_EXPIRED,DATA_EXPIRED
6444838f2408a89d4e0aa2cd,599eccaa4d25e800012fc97d,APPROVED,2023-04-23T01:02:11.868000Z,2023-04-23T01:14:46.962000Z,2023-04-23T01:14:47.506000,2023-04-23T01:14:47.448622Z,756,CTR530VA,31,English,34,Male,White,United States,United States,United States,English,Yes,DATA_EXPIRED
64448393fa2b298003ad2333,63ea5b522989d24b3a9b80d9,APPROVED,2023-04-23T01:02:15.393000Z,2023-04-23T01:08:39.607000Z,2023-04-23T01:08:39.989000,2023-04-23T01:08:39.935267Z,385,CTR530VA,458,English,41,Male,White,United States,United States,United States,English,No,Full-Time
6444839823ad43ff6417dad7,5e52d0122f5f952f2a7b6b28,APPROVED,2023-04-23T01:02:16.819000Z,2023-04-23T01:05:52.682000Z,2023-04-23T01:05:53.531000,2023-04-23T01:05:53.463033Z,216,CTR530VA,3611,English,38,Male,Mixed,United States,United States,United States,English,DATA_EXPIRED,DATA_EXPIRED
644483a0f19d88a7e512589e,61099a5c04f32c99f34ce2a8,APPROVED,2023-04-23T01:02:29.160000Z,2023-04-23T01:09:52.357000Z,2023-04-23T01:09:52.726000,2023-04-23T01:09:52.673867Z,444,CTR530VA,2591,"English, French",66,Female,White,United States,United States,United States,English,No,Full-Time
644483a2d9336824c40e465e,5f084fffd931c103fbd4228a,APPROVED,2023-04-23T01:02:29.319000Z,2023-04-23T01:06:56.833000Z,2023-04-23T01:06:57.301000,2023-04-23T01:06:57.238149Z,268,CTR530VA,1262,"English, Swedish",23,Male,White,United States,United States,United States,English,Yes,Unemployed (and job seeking)
644483a9b464d053291943fb,558ed072fdf99b3a6486371d,APPROVED,2023-04-23T01:02:37.117000Z,2023-04-23T01:08:13.709000Z,2023-04-23T01:08:14.120000,2023-04-23T01:08:14.060890Z,337,CTR530VA,1648,English,56,Female,White,United States,United States,United States,English,No,Full-Time
644483b9ac86c451aad504f7,5924f4910a3e3e0001f1018e,APPROVED,2023-04-23T01:02:57.914000Z,2023-04-23T01:09:14.968000Z,2023-04-23T01:09:15.423000,2023-04-23T01:09:15.367908Z,378,CTR530VA,2374,"English, Chinese",46,Male,Asian,United States,United States,United States,English,No,Part-Time
644483c793d36996a9813544,5b667e3fdc84c6000173edc2,APPROVED,2023-04-23T01:03:03.472000Z,2023-04-23T01:33:49.307000Z,2023-04-23T01:33:49.908000,2023-04-23T01:33:49.851904Z,1846,CTR530VA,2874,English,35,Female,White,United States,United States,United States,English,No,"Not in paid work (e.g. homemaker', 'retired or disabled)"
644483cc6cf0c8ae25b0b90c,611276cd39c2179c678fca78,APPROVED,2023-04-23T01:03:11.314000Z,2023-04-23T01:23:24.576000Z,2023-04-23T01:23:25.042000,2023-04-23T01:23:24.989368Z,1214,CTR530VA,371,"English, Spanish",26,Female,Other,United States,United States,United States,Spanish,Yes,Full-Time
644483d26f036675a07dcbab,63b74e93984caaa40cc51dce,APPROVED,2023-04-23T01:03:25.488000Z,2023-04-23T01:10:48.749000Z,2023-04-23T01:10:49.287000,2023-04-23T01:10:49.210057Z,444,CTR530VA,42,English,49,Female,Black,United States,United States,United States,English,No,"Not in paid work (e.g. homemaker', 'retired or disabled)"
644483db093b157a38e593b1,6168a6cdc303371392b9d9c8,APPROVED,2023-04-23T01:03:25.805000Z,2023-04-23T01:07:43.290000Z,2023-04-23T01:07:43.756000,2023-04-23T01:07:43.682577Z,258,CTR530VA,2910,English,24,Male,White,United States,United States,United States,English,No,Full-Time
644483e0c20424d57b368a6a,6294fc5023a8698296cbf7b0,APPROVED,2023-04-23T01:03:30.849000Z,2023-04-23T01:09:09.829000Z,2023-04-23T01:09:10.231000Z,2023-04-23T01:09:11.490946Z,339,CTR530VA,2197,"English, Chinese",22,Male,Asian,United States,United States,United States,English,DATA_EXPIRED,DATA_EXPIRED
644483e1f99f9a83a796e2e2,5f4f12010c816616c12ab29d,APPROVED,2023-04-23T01:03:31.715000Z,2023-04-23T01:14:05.650000Z,2023-04-23T01:14:06.072000,2023-04-23T01:14:06.015398Z,634,CTR530VA,3820,English,31,Male,White,United States,United States,United States,English,No,Full-Time
644483e90670615b221782b9,5f356e8b725d18529807d33c,APPROVED,2023-04-23T01:03:40.403000Z,2023-04-23T01:10:22.655000Z,2023-04-23T01:10:23.179000,2023-04-23T01:10:23.111723Z,403,CTR530VA,1041,English,39,Female,White,United States,United States,United States,English,No,DATA_EXPIRED
644483ec8fbcf33f1a0ca41e,60b5eb1928615e5bbdde73c2,APPROVED,2023-04-23T01:03:44.774000Z,2023-04-23T01:14:52.606000Z,2023-04-23T01:14:53.058000,2023-04-23T01:14:52.997294Z,668,CTR530VA,201,English,22,Female,Mixed,United States,United States,United States,English,No,"Not in paid work (e.g. homemaker', 'retired or disabled)"
64448402d9336824c40e466c,614e149fccc6a53ae06dfcd2,APPROVED,2023-04-23T01:04:15.157000Z,2023-04-23T01:11:57.736000Z,2023-04-23T01:11:58.227000,2023-04-23T01:11:58.151945Z,463,CTR530VA,2731,English,58,Female,White,United States,United States,United States,English,DATA_EXPIRED,DATA_EXPIRED
6444840493d36996a9813550,5fe33b2f46872ef2fb28db7b,APPROVED,2023-04-23T01:11:39.487000Z,2023-04-23T01:19:55.399000Z,2023-04-23T01:19:55.771000,2023-04-23T01:19:55.717079Z,496,CTR530VA,2924,"Chinese, English, French",20,Prefer not to say,Asian,United States,United States,United States,English,Yes,DATA_EXPIRED
64448417516525531e5464cc,5f0907cacd2a9f194b21eda8,APPROVED,2023-04-23T01:04:25.596000Z,2023-04-23T01:12:54.892000Z,2023-04-23T01:12:55.373000,2023-04-23T01:12:55.316659Z,510,CTR530VA,1201,English,23,Male,White,United States,United States,United States,English,DATA_EXPIRED,DATA_EXPIRED
6444841e71efc51c9312584a,5dfab99508267580dcdafe05,APPROVED,2023-04-23T01:04:34.307000Z,2023-04-23T01:10:48.948000Z,2023-04-23T01:10:54.419000,2023-04-23T01:10:49.354826Z,375,CTR530VA,2145,English,38,Male,White,United States,United States,United States,English,No,Unemployed (and job seeking)
64448424eea7defd6a38090b,5c90094e71f3100016181ea9,APPROVED,2023-04-23T01:04:42.927000Z,2023-04-23T01:19:31.304000Z,2023-04-23T01:19:31.737000,2023-04-23T01:19:31.684960Z,889,CTR530VA,1151,English,43,Female,White,United States,United States,United States,English,DATA_EXPIRED,"Not in paid work (e.g. homemaker', 'retired or disabled)"
644484260670615b221782c2,60ba659adf174228c4501e9e,APPROVED,2023-04-23T01:04:41.656000Z,2023-04-23T01:11:47.813000Z,2023-04-23T01:11:50.298000,2023-04-23T01:11:48.166346Z,427,CTR530VA,50,English,22,Female,Black,United States,United States,United States,English,No,Full-Time
6444842a0979541490fec91d,5d79156e0c89aa0001026dc8,APPROVED,2023-04-23T01:04:48.076000Z,2023-04-23T01:17:06.499000Z,2023-04-23T01:17:06.966000,2023-04-23T01:17:06.877897Z,739,CTR530VA,3782,English,61,Male,White,United States,United States,United States,English,No,"Not in paid work (e.g. homemaker', 'retired or disabled)"
64448435df44a22f5b9872b9,63d4383288ccc0d875a381e4,APPROVED,2023-04-23T01:04:57.711000Z,2023-04-23T01:12:46.152000Z,2023-04-23T01:12:46.520000,2023-04-23T01:12:46.461739Z,469,CTR530VA,104,English,38,Male,White,United States,United States,United States,English,No,Unemployed (and job seeking)
64448436183cc06cf37e498d,612d54b792c80674acfa9f27,APPROVED,2023-04-23T01:05:01.711000Z,2023-04-23T01:13:09.949000Z,2023-04-23T01:13:10.419000,2023-04-23T01:13:10.347925Z,489,CTR530VA,921,English,48,Male,White,United States,United States,United States,English,No,DATA_EXPIRED
6444843c8fbcf33f1a0ca42f,63dcd38d8eea7b444949c5b7,APPROVED,2023-04-23T01:05:04.221000Z,2023-04-23T01:28:51.296000Z,2023-04-23T01:28:52.098000,2023-04-23T01:28:52.029429Z,1428,CTR530VA,505,English,29,Male,Black,United States,United States,United States,English,No,Full-Time
64448449093b157a38e593c8,5f565c9592080106c6b4d467,APPROVED,2023-04-23T01:05:20.592000Z,2023-04-23T01:10:23.839000Z,2023-04-23T01:10:24.320000,2023-04-23T01:10:24.250454Z,304,CTR530VA,2437,English,33,Female,Black,United States,United States,United States,English,DATA_EXPIRED,Due to start a new job within the next month
6444844d1376b9329f7dcb5a,62acca0e028fea59c33bf2fe,APPROVED,2023-04-23T01:05:23.312000Z,2023-04-23T01:11:48.238000Z,2023-04-23T01:11:53.682000,2023-04-23T01:11:48.592550Z,385,CTR530VA,818,English,46,Male,White,United States,United States,United States,English,No,Full-Time
6444844d2e2b873e1a3808e4,5aa6e29435237b0001130d68,APPROVED,2023-04-23T01:05:55.311000Z,2023-04-23T01:16:14.809000Z,2023-04-23T01:16:15.374000,2023-04-23T01:16:15.301788Z,620,CTR530VA,3427,"English, Chinese",27,Female,Asian,China,United States,United States,Chinese,No,Full-Time
64448450371a94c94e0287e2,5dd3d566e05cad3b130de19a,APPROVED,2023-04-23T01:05:24.870000Z,2023-04-23T01:15:00.714000Z,2023-04-23T01:15:02.076000,2023-04-23T01:15:02.022003Z,576,CTR530VA,3437,English,41,Male,DATA_EXPIRED,United States,United States,United States,English,DATA_EXPIRED,DATA_EXPIRED
644484529eda3ea978dd6ea0,6131801c70f5f49c3bdf7010,APPROVED,2023-04-23T01:05:27.574000Z,2023-04-23T01:11:18.340000Z,2023-04-23T01:11:19.228000,2023-04-23T01:11:19.177268Z,351,CTR530VA,605,English,38,Female,White,United States,United States,United States,English,DATA_EXPIRED,DATA_EXPIRED
6444845b3280cfca2e17dacc,63c6e885e6834fbb0d9c0ebf,APPROVED,2023-04-23T01:05:38.323000Z,2023-04-23T01:13:45.576000Z,2023-04-23T01:13:46.026000,2023-04-23T01:13:45.967638Z,488,CTR530VA,721,English,49,Male,White,United States,United States,United States,English,No,DATA_EXPIRED
6444845e6ced4e37ef7dcb61,5f48dab70aa4ce3aa1914003,APPROVED,2023-04-23T01:05:38.282000Z,2023-04-23T01:10:01.536000Z,2023-04-23T01:10:01.997000,2023-04-23T01:10:01.940537Z,264,CTR530VA,557,"English, German",26,Male,White,United States,United States,United States,English,No,Unemployed (and job seeking)
644484608fbcf33f1a0ca436,6104c21cf7b22a3004e6f45c,APPROVED,2023-04-23T01:05:39.380000Z,2023-04-23T01:13:39.344000Z,2023-04-23T01:13:39.818000,2023-04-23T01:13:39.763318Z,480,CTR530VA,425,English,31,Male,Asian,Japan,United States,United States,English,No,Other
644484748fbcf33f1a0ca438,5ec0ba1bfa01894cceaa1b8e,APPROVED,2023-04-23T01:05:59.337000Z,2023-04-23T01:11:18.123000Z,2023-04-23T01:11:18.572000,2023-04-23T01:11:18.517355Z,319,CTR530VA,3076,English,33,Female,White,United States,United States,United States,English,No,Full-Time
6444847fd9336824c40e468c,63614fa10ba3ae81af14d17f,APPROVED,2023-04-23T01:06:11.978000Z,2023-04-23T01:15:01.807000Z,2023-04-23T01:15:07.245000,2023-04-23T01:15:02.176149Z,530,CTR530VA,324,English,42,Male,White,United States,United States,United States,English,No,"Not in paid work (e.g. homemaker', 'retired or disabled)"
64448480c2bf542a74ab2c92,5ef571b16317d90009f5493a,APPROVED,2023-04-23T01:06:15.014000Z,2023-04-23T01:14:48.162000Z,2023-04-23T01:14:48.617000,2023-04-23T01:14:48.560428Z,514,CTR530VA,243,"English, French",63,Female,White,France,United States,United States,French,DATA_EXPIRED,DATA_EXPIRED
644484902dac3885fb681024,60fcd30ec7e2d392d25ee034,APPROVED,2023-04-23T01:06:28.028000Z,2023-04-23T01:12:32.735000Z,2023-04-23T01:12:33.625000,2023-04-23T01:12:33.571185Z,365,CTR530VA,101,English,24,Female,White,United States,United States,United States,English,No,Full-Time
644484a210bed130d53808cb,6100a2cc398110ed90d28014,APPROVED,2023-04-23T01:06:46.129000Z,2023-04-23T01:12:07.019000Z,2023-04-23T01:12:07.473000,2023-04-23T01:12:07.418318Z,321,CTR530VA,850,English,29,Female,White,United States,United States,United States,English,DATA_EXPIRED,DATA_EXPIRED
644484c69bb767fd1fad81a4,600150a39d652729f84daf83,APPROVED,2023-04-23T01:07:25.803000Z,2023-04-23T01:22:01.162000Z,2023-04-23T01:22:01.572000,2023-04-23T01:22:01.516103Z,876,CTR530VA,2545,English,39,Female,White,United States,United States,United States,English,No,Full-Time
644484d02dac3885fb68102b,5dd034d1fce606114e3bb8e0,APPROVED,2023-04-23T01:07:32.692000Z,2023-04-23T01:15:17.441000Z,2023-04-23T01:15:17.943000,2023-04-23T01:15:17.892994Z,465,CTR530VA,2372,English,57,Female,White,United States,United States,United States,English,No,Full-Time
644484d19951ae3f8f0ca401,60fd5a99c4e4ead0c9a6fff4,APPROVED,2023-04-23T01:07:34.040000Z,2023-04-23T01:21:01.997000Z,2023-04-23T01:21:02.803000,2023-04-23T01:21:02.752349Z,808,CTR530VA,1405,English,30,Female,White,United States,United States,United States,English,Yes,Full-Time
644484d4dee2d49b67b718ba,5febd397ad8fbad21bcd6182,APPROVED,2023-04-23T01:07:38.440000Z,2023-04-23T01:11:37.494000Z,2023-04-23T01:11:37.869000,2023-04-23T01:11:37.811058Z,240,CTR530VA,3849,English,32,Male,White,United States,United States,United States,English,Yes,Full-Time
644484d5fd00f80412c23ac4,63bf745cc01669a110ec48ba,APPROVED,2023-04-23T01:07:38.739000Z,2023-04-23T01:20:33.999000Z,2023-04-23T01:20:34.414000,2023-04-23T01:20:34.360523Z,776,CTR530VA,361,English,39,Female,White,United States,United States,United States,English,No,Unemployed (and job seeking)
644484e23280cfca2e17daea,610e991d72fe9baed2425f38,APPROVED,2023-04-23T01:07:50.223000Z,2023-04-23T01:14:45.036000Z,2023-04-23T01:14:45.465000Z,2023-04-23T01:14:46.366296Z,415,CTR530VA,325,English,22,Female,Asian,China,United States,United States,English,DATA_EXPIRED,DATA_EXPIRED
644484e5df44a22f5b9872e2,610d3f2e9d2333e4a86ca9bc,APPROVED,2023-04-23T01:07:53.071000Z,2023-04-23T01:13:46.092000Z,2023-04-23T01:13:46.545000,2023-04-23T01:13:46.490103Z,354,CTR530VA,1854,English,62,Female,White,United States,United States,United States,English,No,DATA_EXPIRED
644484e9bb98bb55c37e4983,56e225c2ec0fdd000641e72d,APPROVED,2023-04-23T01:07:53.168000Z,2023-04-23T01:16:09.405000Z,2023-04-23T01:16:09.885000,2023-04-23T01:16:09.812706Z,497,CTR530VA,2892,English,51,Female,White,United States,United States,United States,English,No,DATA_EXPIRED
644484fa84e266a30b840b5d,5f17821d53d8590009cfc951,APPROVED,2023-04-23T01:08:16.160000Z,2023-04-23T01:16:03.348000Z,2023-04-23T01:16:03.796000,2023-04-23T01:16:03.728088Z,468,CTR530VA,3824,English,35,Male,White,United States,United States,United States,English,DATA_EXPIRED,DATA_EXPIRED
644485093280cfca2e17dafb,5d91daf3704e790018f47229,APPROVED,2023-04-23T01:08:28.077000Z,2023-04-23T01:13:00.602000Z,2023-04-23T01:13:01.052000,2023-04-23T01:13:00.993551Z,273,CTR530VA,1449,English,32,Male,White,United States,United States,United States,English,No,Full-Time
6444851a10bed130d53808dd,5c1655c7ad682500017070d2,APPROVED,2023-04-23T01:08:44.377000Z,2023-04-23T01:15:30.336000Z,2023-04-23T01:15:30.790000,2023-04-23T01:15:30.739253Z,406,CTR530VA,4996,English,34,Male,White,United States,United States,United States,English,No,Full-Time
6444852ce4a2a702e012589c,60fef0a1f3125fe0369ae990,APPROVED,2023-04-23T01:09:04.741000Z,2023-04-23T01:14:45.309000Z,2023-04-23T01:14:45.721000,2023-04-23T01:14:45.667133Z,341,CTR530VA,273,English,23,Female,White,United States,United States,United States,English,DATA_EXPIRED,DATA_EXPIRED
6444852d50df089c594873b3,61006b0f1f3bfddb6b4c5d55,APPROVED,2023-04-23T01:09:04.010000Z,2023-04-23T01:15:54.667000Z,2023-04-23T01:15:55.147000,2023-04-23T01:15:55.092175Z,411,CTR530VA,524,English,31,Female,White,United States,United States,United States,English,Yes,Full-Time
644485328539c9e1960287ef,5d8efda521305a001957462d,APPROVED,2023-04-23T01:09:10.448000Z,2023-04-23T01:14:39.167000Z,2023-04-23T01:14:39.649000,2023-04-23T01:14:39.592286Z,329,CTR530VA,305,English,23,Female,Black,United States,United States,United States,English,DATA_EXPIRED,Unemployed (and job seeking)
64448539b746f46a3c3808bd,5efd092016a00a14559605bc,APPROVED,2023-04-23T01:09:19.426000Z,2023-04-23T01:16:57.061000Z,2023-04-23T01:16:57.514000,2023-04-23T01:16:57.458985Z,458,CTR530VA,593,English,35,Female,White,United States,United States,United States,English,No,Full-Time
6444853ac3806f037b96e2bd,63331d7bd9dcae2e49dff57e,APPROVED,2023-04-23T01:09:17.226000Z,2023-04-23T01:15:55.469000Z,2023-04-23T01:15:55.841000,2023-04-23T01:15:55.787440Z,399,CTR530VA,1377,English,25,Male,Other,United States,United States,United States,English,Yes,Part-Time
6444853becd22f68ddab2c71,60863e5017b890dbc90d0bfb,APPROVED,2023-04-23T01:09:19.204000Z,2023-04-23T01:18:38.524000Z,2023-04-23T01:18:38.939000,2023-04-23T01:18:38.887698Z,560,CTR530VA,385,English,21,Female,White,United States,United States,United States,English,Yes,Due to start a new job within the next month
6444853fb39cc4a045faf38b,569e9d738ad3f8000d742557,APPROVED,2023-04-23T01:09:23.372000Z,2023-04-23T01:14:06.570000Z,2023-04-23T01:14:07.381000,2023-04-23T01:14:07.325801Z,284,CTR530VA,1380,English,28,Female,Black,United States,United States,United States,English,No,DATA_EXPIRED
64448546183cc06cf37e49b4,63daed36814c21c85fd0e937,APPROVED,2023-04-23T01:09:32.319000Z,2023-04-23T01:14:16.587000Z,2023-04-23T01:14:17.048000,2023-04-23T01:14:16.990438Z,285,CTR530VA,506,English,25,Female,White,United States,United States,United States,English,No,"Not in paid work (e.g. homemaker', 'retired or disabled)"
64448547b39cc4a045faf38d,5f1273feb9ddf60dd2781b2f,APPROVED,2023-04-23T01:09:30.958000Z,2023-04-23T01:15:24.643000Z,2023-04-23T01:15:25.090000,2023-04-23T01:15:25.037650Z,354,CTR530VA,1821,"English, Russian",22,Female,White,United States,United States,United States,English,Yes,Full-Time
644485502613838ca81943f9,6100a94845f823a05d74deb3,APPROVED,2023-04-23T01:09:39.855000Z,2023-04-23T01:17:51.493000Z,2023-04-23T01:17:51.896000,2023-04-23T01:17:51.837536Z,492,CTR530VA,255,English,21,Female,White,United States,United States,United States,English,Yes,Part-Time
64448553f2cd16ab90faf3d6,5c28a7d31c8e4c0001b2e0a4,APPROVED,2023-04-23T01:09:42.799000Z,2023-04-23T01:18:23.979000Z,2023-04-23T01:18:24.439000,2023-04-23T01:18:24.386208Z,522,CTR530VA,2990,English,33,Female,White,United States,United States,United States,English,No,Other
6444855487df8fce02fec92e,637e3bd17d67331429a15f63,APPROVED,2023-04-23T01:09:44.673000Z,2023-04-23T01:14:57.681000Z,2023-04-23T01:14:58.153000,2023-04-23T01:14:58.092342Z,314,CTR530VA,761,English,36,Male,White,United States,United States,United States,English,No,Full-Time
64448559c3806f037b96e2c4,628de7e8ff1744a9717d7883,APPROVED,2023-04-23T01:09:52.384000Z,2023-04-23T01:42:29.218000Z,2023-04-23T01:42:29.666000,2023-04-23T01:42:29.608017Z,1957,CTR530VA,1944,English,29,Male,Black,United States,United States,United States,English,DATA_EXPIRED,DATA_EXPIRED
6444855b50a258e4fd487386,62cbf0a272c4c044c572343c,APPROVED,2023-04-23T01:09:52.900000Z,2023-04-23T01:14:52.731000Z,2023-04-23T01:15:03.202000,2023-04-23T01:14:53.112842Z,300,CTR530VA,1434,English,36,Male,White,United States,United States,United States,English,No,Full-Time
6444855f8539c9e1960287f5,62f975cbc3507ecf77180d00,APPROVED,2023-04-23T01:09:58.205000Z,2023-04-23T01:14:50.895000Z,2023-04-23T01:14:51.408000,2023-04-23T01:14:51.332265Z,293,CTR530VA,650,English,19,Male,White,United States,United States,United States,English,No,Unemployed (and job seeking)
6444856250df089c594873c0,63d03c4a61145e60f5e99453,APPROVED,2023-04-23T01:09:57.577000Z,2023-04-23T01:18:13.383000Z,2023-04-23T01:18:13.797000,2023-04-23T01:18:13.727820Z,496,CTR530VA,541,English,36,Male,DATA_EXPIRED,United States,United States,United States,English,No,Full-Time
64448569ecd22f68ddab2c7a,630663a1dc842dde6b18b557,APPROVED,2023-04-23T01:10:04.015000Z,2023-04-23T01:17:21.775000Z,2023-04-23T01:17:22.247000,2023-04-23T01:17:22.190844Z,438,CTR530VA,1405,English,46,Female,White,United States,United States,United States,English,DATA_EXPIRED,DATA_EXPIRED
6444857f8e3235aa6e0e466a,614e497939b9b53a6013f7b0,APPROVED,2023-04-23T01:10:26.645000Z,2023-04-23T01:14:33.621000Z,2023-04-23T01:14:34.158000,2023-04-23T01:14:34.106602Z,247,CTR530VA,1891,English,24,Male,White,United States,United States,United States,English,DATA_EXPIRED,DATA_EXPIRED
64448586976b716233d504b4,5955a3eb98c9c400019f5c5f,APPROVED,2023-04-23T01:10:46.357000Z,2023-04-23T01:16:24.599000Z,2023-04-23T01:16:25.042000,2023-04-23T01:16:24.980749Z,339,CTR530VA,2120,"English, Spanish",25,Female,Black,United States,United States,United States,English,DATA_EXPIRED,DATA_EXPIRED
64448586c3806f037b96e2d3,5d37a4aab1e2a50017d13d80,APPROVED,2023-04-23T01:10:32.905000Z,2023-04-23T01:14:13.456000Z,2023-04-23T01:14:13.885000,2023-04-23T01:14:13.827440Z,221,CTR530VA,498,English,23,Male,Asian,United States,United States,United States,Vietnamese,DATA_EXPIRED,DATA_EXPIRED
6444859590dcc0814f59f099,617390ea6b825a0eb8904f29,APPROVED,2023-04-23T01:10:52.476000Z,2023-04-23T01:25:23.691000Z,2023-04-23T01:25:24.111000,2023-04-23T01:25:24.056929Z,872,CTR530VA,1431,English,38,Female,White,United States,United States,United States,English,No,"Not in paid work (e.g. homemaker', 'retired or disabled)"
6444859a9756e9614b9872bc,6095ed23bec8c0d7681c5d28,APPROVED,2023-04-23T01:10:59.328000Z,2023-04-23T01:13:36.781000Z,2023-04-23T01:13:37.278000,2023-04-23T01:13:37.210597Z,158,CTR530VA,1773,English,26,Female,Black,United States,United States,United States,English,Yes,Full-Time
644485a41394d8f9a8d952a4,60fccd788a7be853b4057929,APPROVED,2023-04-23T01:11:05.605000Z,2023-04-23T01:19:20.522000Z,2023-04-23T01:19:20.943000,2023-04-23T01:19:20.889597Z,495,CTR530VA,58,English,22,Female,White,United States,United States,United States,English,Yes,Unemployed (and job seeking)
644485a88e3235aa6e0e466f,622a4cc50412091154bae7f0,APPROVED,2023-04-23T01:11:08.630000Z,2023-04-23T01:17:06.315000Z,2023-04-23T01:17:06.705000,2023-04-23T01:17:06.642949Z,358,CTR530VA,454,English,60,Female,Mixed,United States,United States,United States,English,No,Full-Time
644485adc9373e0d1713be79,63ffa069a21e70a5bc237eec,APPROVED,2023-04-23T01:11:09.153000Z,2023-04-23T01:19:14.809000Z,2023-04-23T01:19:15.218000,2023-04-23T01:19:15.161201Z,486,CTR530VA,169,"English, Spanish",36,Male,Other,United States,United States,United States,English,Yes,DATA_EXPIRED
644485b72b0a5b64c74bf66f,64389bf557e6a621e6a857ca,APPROVED,2023-04-23T01:11:23.313000Z,2023-04-23T01:20:00.444000Z,2023-04-23T01:20:00.829000,2023-04-23T01:20:00.764666Z,518,CTR530VA,57,English,59,Female,Black,United States,United States,United States,English,No,DATA_EXPIRED
644485bf88a8d9677ee593a7,63a4c930cad013279a39566c,APPROVED,2023-04-23T01:11:41.045000Z,2023-04-23T01:27:07.115000Z,2023-04-23T01:27:07.569000,2023-04-23T01:27:07.494587Z,927,CTR530VA,604,English,57,Female,Mixed,United States,United States,United States,English,No,"Not in paid work (e.g. homemaker', 'retired or disabled)"
644485c4c3806f037b96e2dc,64135983899b0b3fa3ddfab9,APPROVED,2023-04-23T01:11:36.537000Z,2023-04-23T01:16:38.029000Z,2023-04-23T01:16:38.480000,2023-04-23T01:16:38.416910Z,302,CTR530VA,255,English,36,Male,White,United States,United States,United States,English,No,Full-Time
644485cb3065d84cb717dacd,6120d602c1976a4114dcb110,APPROVED,2023-04-23T01:11:44.817000Z,2023-04-23T01:21:59.150000Z,2023-04-23T01:21:59.629000,2023-04-23T01:21:59.573178Z,615,CTR530VA,794,English,32,Female,White,United States,United States,United States,English,No,Part-Time
644485d8f87a47ebcab0b922,5dc59aea37023940a0860dea,APPROVED,2023-04-23T01:11:52.150000Z,2023-04-23T01:20:40.424000Z,2023-04-23T01:20:41.017000,2023-04-23T01:20:40.965005Z,529,CTR530VA,4448,English,54,Male,White,United States,United States,United States,English,No,Part-Time
644485db37b14e0db45f2ed4,5bea832a4fbb6f00017ea3e9,APPROVED,2023-04-23T01:11:58.425000Z,2023-04-23T01:16:46.767000Z,2023-04-23T01:16:47.177000,2023-04-23T01:16:47.124902Z,289,CTR530VA,1101,English,36,Male,Black,United States,United States,United States,English,No,Full-Time
644485eb84f31596d5813542,5c61c7c590c46f00016a3598,APPROVED,2023-04-23T01:12:14.016000Z,2023-04-23T01:16:19.337000Z,2023-04-23T01:16:20.174000,2023-04-23T01:16:20.119652Z,246,CTR530VA,1842,English,32,Male,White,United States,United States,United States,English,DATA_EXPIRED,DATA_EXPIRED
644485f31394d8f9a8d952b0,5c05c77f24419e0001a3094f,APPROVED,2023-04-23T01:12:22.425000Z,2023-04-23T01:19:04.977000Z,2023-04-23T01:19:05.536000,2023-04-23T01:19:05.467643Z,403,CTR530VA,1675,English,34,Female,White,United States,United States,United States,English,DATA_EXPIRED,Full-Time
644485f99eda3ea978dd6ef1,622a2074fe80192aa7a0212a,APPROVED,2023-04-23T01:12:30.522000Z,2023-04-23T01:20:30.628000Z,2023-04-23T01:20:31.066000,2023-04-23T01:20:31.005171Z,481,CTR530VA,2133,English,60,Female,White,United States,United States,United States,English,No,DATA_EXPIRED
64448e6ba479d8e7bcb34c06,5f14b46fefc95253caca20b4,APPROVED,2023-04-23T01:49:03.389000Z,2023-04-23T01:53:59.305000Z,2023-04-23T01:53:59.900000,2023-04-23T01:53:59.833754Z,296,CTR530VA,4386,English,45,Female,White,United States,United States,United States,English,No,Part-Time
